name	taxonomy_id	taxonomy_lvl	ExtractionBlank_bracken_P.txt_num	ExtractionBlank_bracken_P.txt_frac	Serife-CON1_bracken_P.txt_num	Serife-CON1_bracken_P.txt_frac	Serife-CON2_bracken_P.txt_num	Serife-CON2_bracken_P.txt_frac	Serife-CON3_bracken_P.txt_num	Serife-CON3_bracken_P.txt_frac	Serife-CON4_bracken_P.txt_num	Serife-CON4_bracken_P.txt_frac	Serife-CON5_bracken_P.txt_num	Serife-CON5_bracken_P.txt_frac	Serife-CON6_bracken_P.txt_num	Serife-CON6_bracken_P.txt_frac	Serife-KD1_bracken_P.txt_num	Serife-KD1_bracken_P.txt_frac	Serife-KD2_bracken_P.txt_num	Serife-KD2_bracken_P.txt_frac	Serife-KD3_bracken_P.txt_num	Serife-KD3_bracken_P.txt_frac	Serife-KD4_bracken_P.txt_num	Serife-KD4_bracken_P.txt_frac	Serife-KD5_bracken_P.txt_num	Serife-KD5_bracken_P.txt_frac	Serife-KD6_bracken_P.txt_num	Serife-KD6_bracken_P.txt_frac	Serife-KD7_bracken_P.txt_num	Serife-KD7_bracken_P.txt_frac	Serife-KD8_bracken_P.txt_num	Serife-KD8_bracken_P.txt_frac	Serife-MMKD1_bracken_P.txt_num	Serife-MMKD1_bracken_P.txt_frac	Serife-MMKD2_bracken_P.txt_num	Serife-MMKD2_bracken_P.txt_frac	Serife-MMKD3_bracken_P.txt_num	Serife-MMKD3_bracken_P.txt_frac	Serife-MMKD4_bracken_P.txt_num	Serife-MMKD4_bracken_P.txt_frac	Serife-MMKD5_bracken_P.txt_num	Serife-MMKD5_bracken_P.txt_frac	Serife-MMKD6_bracken_P.txt_num	Serife-MMKD6_bracken_P.txt_frac	Serife-MMKD7_bracken_P.txt_num	Serife-MMKD7_bracken_P.txt_frac	Serife-MMKD8_bracken_P.txt_num	Serife-MMKD8_bracken_P.txt_frac	Serife-SCOP1_bracken_P.txt_num	Serife-SCOP1_bracken_P.txt_frac	Serife-SCOP2_bracken_P.txt_num	Serife-SCOP2_bracken_P.txt_frac	Serife-SCOP3_bracken_P.txt_num	Serife-SCOP3_bracken_P.txt_frac	Serife-SCOP4_bracken_P.txt_num	Serife-SCOP4_bracken_P.txt_frac	Serife-SCOP5_bracken_P.txt_num	Serife-SCOP5_bracken_P.txt_frac	Serife-SCOP6_bracken_P.txt_num	Serife-SCOP6_bracken_P.txt_frac
Bacteroidota	976	P	3361	0.39342	1068496	0.24234	228373	0.08443	1677064	0.33595	548335	0.14492	1773496	0.33343	527338	0.15970	598829	0.51942	882427	0.53927	1239690	0.47920	1481502	0.35191	3528660	0.55516	3277461	0.44938	7241827	0.52223	5355630	0.58169	230550	0.04949	294834	0.08460	109370	0.08283	312403	0.06150	294636	0.33593	152768	0.13695	337374	0.06985	273115	0.11958	721420	0.20249	106943	0.07343	253621	0.05416	756113	0.13450	422484	0.11920	879356	0.17002
Chlorobiota	1090	P	1	0.00012	1685	0.00038	909	0.00034	1763	0.00035	1409	0.00037	1852	0.00035	1252	0.00038	291	0.00025	319	0.00019	461	0.00018	1373	0.00033	1368	0.00022	1862	0.00026	1869	0.00013	1830	0.00020	1304	0.00028	1383	0.00040	351	0.00027	1821	0.00036	259	0.00030	294	0.00026	1573	0.00033	713	0.00031	1675	0.00047	536	0.00037	1453	0.00031	2459	0.00044	1401	0.00040	1423	0.00028
Gemmatimonadota	142182	P	2	0.00023	1070	0.00024	697	0.00026	1051	0.00021	950	0.00025	965	0.00018	860	0.00026	146	0.00013	127	0.00008	330	0.00013	631	0.00015	482	0.00008	760	0.00010	1247	0.00009	700	0.00008	662	0.00014	592	0.00017	258	0.00020	1316	0.00026	152	0.00017	183	0.00016	1026	0.00021	473	0.00021	1230	0.00035	257	0.00018	809	0.00017	1871	0.00033	861	0.00024	1077	0.00021
Pseudomonadota	1224	P	1146	0.13414	498629	0.11309	386995	0.14308	513289	0.10282	451720	0.11938	767087	0.14422	471531	0.14280	64971	0.05636	76279	0.04662	152832	0.05908	355513	0.08445	314442	0.04947	418828	0.05743	1049965	0.07572	527329	0.05727	306249	0.06574	277742	0.07970	114802	0.08695	502200	0.09887	81776	0.09324	75010	0.06724	504724	0.10449	214315	0.09383	377276	0.10590	278219	0.19104	648829	0.13856	621724	0.11060	560863	0.15824	511679	0.09893
Verrucomicrobiota	74201	P	57	0.00667	9316	0.00211	4483	0.00166	12337	0.00247	7029	0.00186	10566	0.00199	6116	0.00185	1853	0.00161	2225	0.00136	3580	0.00138	7686	0.00183	10286	0.00162	10983	0.00151	24716	0.00178	14940	0.00162	11865	0.00255	9101	0.00261	3037	0.00230	9728	0.00192	1761	0.00201	2102	0.00188	9721	0.00201	4474	0.00196	8346	0.00234	2300	0.00158	6969	0.00149	11757	0.00209	7796	0.00220	78198	0.01512
Planctomycetota	203682	P	15	0.00176	8195	0.00186	5524	0.00204	8440	0.00169	7468	0.00197	9051	0.00170	6325	0.00192	1171	0.00102	1247	0.00076	2449	0.00095	5832	0.00139	5379	0.00085	8302	0.00114	9514	0.00069	8213	0.00089	6775	0.00145	6462	0.00185	2294	0.00174	10932	0.00215	1421	0.00162	1660	0.00149	10951	0.00227	4361	0.00191	6531	0.00183	2652	0.00182	8311	0.00177	11645	0.00207	7340	0.00207	7482	0.00145
Kiritimatiellota	134625	P	1	0.00012	497	0.00011	258	0.00010	445	0.00009	314	0.00008	517	0.00010	307	0.00009	35	0.00003	46	0.00003	88	0.00003	234	0.00006	207	0.00003	328	0.00004	354	0.00003	351	0.00004	324	0.00007	325	0.00009	94	0.00007	348	0.00007	49	0.00006	77	0.00007	409	0.00008	186	0.00008	339	0.00010	113	0.00008	357	0.00008	605	0.00011	298	0.00008	287	0.00006
Thermodesulfobacteriota	200940	P	13	0.00152	102020	0.02314	52532	0.01942	91182	0.01827	88833	0.02348	79193	0.01489	80916	0.02450	24161	0.02096	29859	0.01825	46912	0.01813	107351	0.02550	161973	0.02548	117173	0.01607	219215	0.01581	165775	0.01801	37850	0.00812	45785	0.01314	17705	0.01341	60757	0.01196	13533	0.01543	13990	0.01254	70603	0.01462	36500	0.01598	88532	0.02485	70491	0.04840	234902	0.05017	163092	0.02901	108832	0.03071	86622	0.01675
Myxococcota	2818505	P	10	0.00117	9168	0.00208	6729	0.00249	8689	0.00174	8484	0.00224	9443	0.00178	7795	0.00236	1083	0.00094	934	0.00057	2487	0.00096	6678	0.00159	4745	0.00075	8829	0.00121	8729	0.00063	7243	0.00079	6300	0.00135	5923	0.00170	2820	0.00214	11981	0.00236	1603	0.00183	1428	0.00128	11505	0.00238	5200	0.00228	7747	0.00217	2590	0.00178	9332	0.00199	13947	0.00248	8669	0.00245	8432	0.00163
Acidobacteriota	57723	P	3	0.00035	5510	0.00125	4007	0.00148	5377	0.00108	4980	0.00132	5842	0.00110	4436	0.00134	726	0.00063	736	0.00045	1560	0.00060	3824	0.00091	3398	0.00053	5894	0.00081	6337	0.00046	5841	0.00063	4368	0.00094	4086	0.00117	1718	0.00130	7220	0.00142	1205	0.00137	1070	0.00096	7218	0.00149	3181	0.00139	4656	0.00131	1596	0.00110	5617	0.00120	7962	0.00142	5465	0.00154	5148	0.00100
Campylobacterota	29547	P	2	0.00023	43794	0.00993	18522	0.00685	101262	0.02028	15906	0.00420	79132	0.01488	27794	0.00842	17363	0.01506	16866	0.01031	10833	0.00419	11986	0.00285	26942	0.00424	26078	0.00358	50429	0.00364	67041	0.00728	9773	0.00210	9214	0.00264	11466	0.00868	14525	0.00286	11809	0.01346	5896	0.00529	9911	0.00205	5591	0.00245	36912	0.01036	14255	0.00979	9699	0.00207	36183	0.00644	9241	0.00261	13989	0.00270
Bdellovibrionota	3018035	P	1	0.00012	1110	0.00025	765	0.00028	1476	0.00030	1138	0.00030	1520	0.00029	901	0.00027	254	0.00022	298	0.00018	528	0.00020	1121	0.00027	1363	0.00021	1432	0.00020	2050	0.00015	1764	0.00019	972	0.00021	791	0.00023	272	0.00021	1685	0.00033	264	0.00030	322	0.00029	1505	0.00031	553	0.00024	929	0.00026	568	0.00039	1217	0.00026	1970	0.00035	1065	0.00030	1133	0.00022
Bacillota	1239	P	3407	0.39881	2245947	0.50939	1706830	0.63104	2126535	0.42599	2251186	0.59496	2175335	0.40898	1761941	0.53357	341310	0.29605	442347	0.27033	955154	0.36921	1860183	0.44186	1895969	0.29829	2929997	0.40174	4601566	0.33183	2417196	0.26254	3587273	0.77001	2434351	0.69854	907806	0.68753	3541215	0.69717	374087	0.42652	745881	0.66866	3373769	0.69846	1481342	0.64858	1959189	0.54991	797218	0.54741	2923514	0.62434	3366365	0.59884	2004140	0.56543	2981649	0.57649
Actinomycetota	201174	P	420	0.04916	279538	0.06340	216900	0.08019	251197	0.05032	266909	0.07054	278889	0.05243	236370	0.07158	38571	0.03346	40685	0.02486	105249	0.04068	237737	0.05647	173757	0.02734	277601	0.03806	436213	0.03146	221282	0.02403	316436	0.06792	225107	0.06459	102231	0.07743	456674	0.08991	49383	0.05630	54710	0.04905	383705	0.07944	182886	0.08007	236180	0.06629	92609	0.06359	333337	0.07119	435646	0.07750	299244	0.08443	423658	0.08191
Mycoplasmatota	544448	P	2	0.00023	5326	0.00121	2021	0.00075	9048	0.00181	3662	0.00097	4687	0.00088	2809	0.00085	1453	0.00126	2060	0.00126	835	0.00032	9094	0.00216	3878	0.00061	7613	0.00104	3770	0.00027	6129	0.00067	7450	0.00160	6315	0.00181	1015	0.00077	8593	0.00169	527	0.00060	1519	0.00136	5207	0.00108	1553	0.00068	3207	0.00090	1387	0.00095	5135	0.00110	3961	0.00070	4097	0.00116	4180	0.00081
Cyanobacteriota	1117	P	1	0.00012	10741	0.00244	7312	0.00270	11459	0.00230	9558	0.00253	12244	0.00230	8062	0.00244	1511	0.00131	2100	0.00128	4149	0.00160	6679	0.00159	7886	0.00124	10321	0.00142	16224	0.00117	11514	0.00125	9619	0.00206	8696	0.00250	2985	0.00226	13209	0.00260	2229	0.00254	2342	0.00210	12963	0.00268	6049	0.00265	8645	0.00243	3886	0.00267	11488	0.00245	14246	0.00253	9556	0.00270	10895	0.00211
Deinococcota	1297	P	3	0.00035	6272	0.00142	4737	0.00175	5472	0.00110	5939	0.00157	5994	0.00113	5157	0.00156	587	0.00051	414	0.00025	1326	0.00051	3759	0.00089	2472	0.00039	4714	0.00065	4836	0.00035	3929	0.00043	5229	0.00112	5039	0.00145	2039	0.00154	8821	0.00174	1257	0.00143	1224	0.00110	9021	0.00187	4078	0.00179	4915	0.00138	1933	0.00133	5981	0.00128	8744	0.00156	6433	0.00181	5944	0.00115
Fusobacteriota	32066	P	2	0.00023	3877	0.00088	1983	0.00073	3836	0.00077	3883	0.00103	4518	0.00085	2416	0.00073	564	0.00049	659	0.00040	988	0.00038	1967	0.00047	3059	0.00048	6854	0.00094	3143	0.00023	4997	0.00054	5662	0.00122	3848	0.00110	972	0.00074	6125	0.00121	457	0.00052	967	0.00087	4224	0.00087	1403	0.00061	2280	0.00064	1647	0.00113	4693	0.00100	3295	0.00059	3216	0.00091	4320	0.00084
Chordata	7711	P	30	0.00351	21964	0.00498	6569	0.00243	14724	0.00295	11264	0.00298	15585	0.00293	9941	0.00301	2757	0.00239	3408	0.00208	3484	0.00135	6556	0.00156	11559	0.00182	16387	0.00225	12817	0.00092	16641	0.00181	13138	0.00282	10426	0.00299	3015	0.00228	15929	0.00314	2679	0.00305	2770	0.00248	12269	0.00254	5265	0.00231	13631	0.00383	6268	0.00430	13455	0.00287	19672	0.00350	11001	0.00310	17777	0.00344
Ascomycota	4890	P	5	0.00059	6552	0.00149	3968	0.00147	6533	0.00131	4566	0.00121	5987	0.00113	3744	0.00113	1729	0.00150	802	0.00049	1417	0.00055	2780	0.00066	3558	0.00056	4623	0.00063	7849	0.00057	5024	0.00055	5739	0.00123	4398	0.00126	1474	0.00112	5986	0.00118	1045	0.00119	1096	0.00098	5337	0.00110	2535	0.00111	5161	0.00145	1988	0.00137	5293	0.00113	8402	0.00149	4900	0.00138	5497	0.00106
Apicomplexa	5794	P	1	0.00012	1409	0.00032	656	0.00024	1430	0.00029	1072	0.00028	1196	0.00022	890	0.00027	198	0.00017	196	0.00012	232	0.00009	581	0.00014	832	0.00013	1461	0.00020	761	0.00005	1180	0.00013	1187	0.00025	823	0.00024	270	0.00020	2146	0.00042	126	0.00014	287	0.00026	1238	0.00026	461	0.00020	1151	0.00032	434	0.00030	1189	0.00025	1615	0.00029	960	0.00027	945	0.00018
Methanobacteriota	28890	P	13	0.00152	8309	0.00188	5021	0.00186	8040	0.00161	7354	0.00194	8061	0.00152	6174	0.00187	795	0.00069	926	0.00057	1863	0.00072	4434	0.00105	3967	0.00062	6516	0.00089	7148	0.00052	6359	0.00069	5983	0.00128	5366	0.00154	2005	0.00152	9607	0.00189	1221	0.00139	1296	0.00116	9103	0.00188	3914	0.00171	6958	0.00195	2396	0.00165	7115	0.00152	12158	0.00216	6764	0.00191	8814	0.00170
Thermoplasmatota	2283796	P	1	0.00012	892	0.00020	142	0.00005	723	0.00014	203	0.00005	539	0.00010	178	0.00005	21	0.00002	8	0.00000	22	0.00001	146	0.00003	154	0.00002	286	0.00004	133	0.00001	173	0.00002	266	0.00006	269	0.00008	41	0.00003	262	0.00005	66	0.00008	50	0.00004	230	0.00005	100	0.00004	111	0.00003	80	0.00005	187	0.00004	255	0.00005	182	0.00005	222	0.00004
Uroviricota	2731618	P	46	0.00538	1609	0.00036	3637	0.00134	2143	0.00043	1445	0.00038	1280	0.00024	1877	0.00057	586	0.00051	1575	0.00096	568	0.00022	946	0.00022	2143	0.00034	15287	0.00210	2286	0.00016	3593	0.00039	7715	0.00166	1652	0.00047	1666	0.00126	6801	0.00134	603	0.00069	2935	0.00263	2918	0.00060	924	0.00040	856	0.00024	2328	0.00160	20689	0.00442	1711	0.00030	1797	0.00051	4769	0.00092
Chloroflexota	200795	P	0	0.00000	3046	0.00069	2514	0.00093	3271	0.00066	3124	0.00083	3710	0.00070	2546	0.00077	326	0.00028	305	0.00019	823	0.00032	1924	0.00046	1560	0.00025	2530	0.00035	2468	0.00018	2092	0.00023	3782	0.00081	3492	0.00100	1008	0.00076	4351	0.00086	751	0.00086	767	0.00069	4304	0.00089	2161	0.00095	2274	0.00064	1210	0.00083	4926	0.00105	3646	0.00065	3149	0.00089	3074	0.00059
Armatimonadota	67819	P	0	0.00000	494	0.00011	274	0.00010	463	0.00009	384	0.00010	516	0.00010	372	0.00011	49	0.00004	40	0.00002	85	0.00003	233	0.00006	132	0.00002	318	0.00004	216	0.00002	245	0.00003	292	0.00006	206	0.00006	75	0.00006	423	0.00008	87	0.00010	72	0.00006	390	0.00008	199	0.00009	263	0.00007	176	0.00012	525	0.00011	475	0.00008	371	0.00010	553	0.00011
Vulcanimicrobiota	1154676	P	0	0.00000	54	0.00001	56	0.00002	68	0.00001	57	0.00002	117	0.00002	39	0.00001	1	0.00000	3	0.00000	7	0.00000	21	0.00000	24	0.00000	58	0.00001	32	0.00000	35	0.00000	106	0.00002	79	0.00002	25	0.00002	61	0.00001	72	0.00008	34	0.00003	131	0.00003	85	0.00004	28	0.00001	28	0.00002	111	0.00002	79	0.00001	70	0.00002	46	0.00001
Rhodothermota	1853220	P	0	0.00000	1441	0.00033	791	0.00029	1466	0.00029	1168	0.00031	1509	0.00028	1022	0.00031	175	0.00015	163	0.00010	318	0.00012	979	0.00023	893	0.00014	1397	0.00019	1254	0.00009	1340	0.00015	571	0.00012	620	0.00018	336	0.00025	1245	0.00025	229	0.00026	207	0.00019	1520	0.00031	512	0.00022	1106	0.00031	318	0.00022	761	0.00016	1858	0.00033	963	0.00027	1246	0.00024
Ignavibacteriota	1134404	P	0	0.00000	264	0.00006	79	0.00003	183	0.00004	167	0.00004	171	0.00003	83	0.00003	62	0.00005	82	0.00005	150	0.00006	247	0.00006	454	0.00007	525	0.00007	679	0.00005	584	0.00006	192	0.00004	184	0.00005	43	0.00003	223	0.00004	51	0.00006	32	0.00003	212	0.00004	100	0.00004	204	0.00006	49	0.00003	161	0.00003	327	0.00006	128	0.00004	317	0.00006
Balneolota	1936987	P	0	0.00000	251	0.00006	105	0.00004	368	0.00007	200	0.00005	219	0.00004	162	0.00005	85	0.00007	160	0.00010	200	0.00008	301	0.00007	469	0.00007	631	0.00009	1308	0.00009	893	0.00010	199	0.00004	207	0.00006	48	0.00004	234	0.00005	70	0.00008	102	0.00009	285	0.00006	198	0.00009	250	0.00007	72	0.00005	173	0.00004	279	0.00005	233	0.00007	168	0.00003
Fibrobacterota	65842	P	0	0.00000	441	0.00010	163	0.00006	579	0.00012	357	0.00009	663	0.00012	582	0.00018	60	0.00005	97	0.00006	128	0.00005	323	0.00008	300	0.00005	465	0.00006	644	0.00005	375	0.00004	285	0.00006	281	0.00008	101	0.00008	304	0.00006	73	0.00008	90	0.00008	283	0.00006	213	0.00009	503	0.00014	84	0.00006	342	0.00007	586	0.00010	348	0.00010	224	0.00004
Fidelibacterota	62680	P	0	0.00000	79	0.00002	43	0.00002	94	0.00002	45	0.00001	98	0.00002	56	0.00002	4	0.00000	1	0.00000	35	0.00001	56	0.00001	49	0.00001	76	0.00001	87	0.00001	55	0.00001	28	0.00001	38	0.00001	20	0.00002	52	0.00001	8	0.00001	10	0.00001	74	0.00002	18	0.00001	47	0.00001	13	0.00001	58	0.00001	59	0.00001	69	0.00002	53	0.00001
Candidatus Cloacimonadota	456828	P	0	0.00000	18	0.00000	6	0.00000	29	0.00001	35	0.00001	17	0.00000	18	0.00001	6	0.00001	9	0.00001	22	0.00001	29	0.00001	23	0.00000	59	0.00001	67	0.00000	33	0.00000	36	0.00001	15	0.00000	16	0.00001	18	0.00000	4	0.00000	7	0.00001	39	0.00001	9	0.00000	11	0.00000	14	0.00001	26	0.00001	33	0.00001	28	0.00001	31	0.00001
Spirochaetota	203691	P	0	0.00000	38521	0.00874	17590	0.00650	95652	0.01916	53200	0.01406	37569	0.00706	95568	0.02894	39700	0.03444	85852	0.05247	22070	0.00853	55823	0.01326	121317	0.01909	61325	0.00841	115099	0.00830	204811	0.02224	46987	0.01009	90404	0.02594	22262	0.01686	34271	0.00675	26131	0.02979	35391	0.03173	13591	0.00281	25075	0.01098	42538	0.01194	54492	0.03742	140572	0.03002	83086	0.01478	36083	0.01018	46636	0.00902
Chlamydiota	204428	P	0	0.00000	432	0.00010	864	0.00032	610	0.00012	417	0.00011	778	0.00015	397	0.00012	82	0.00007	84	0.00005	117	0.00005	364	0.00009	398	0.00006	486	0.00007	625	0.00005	579	0.00006	570	0.00012	502	0.00014	90	0.00007	631	0.00012	94	0.00011	121	0.00011	495	0.00010	202	0.00009	306	0.00009	245	0.00017	702	0.00015	732	0.00013	726	0.00020	454	0.00009
Candidatus Omnitrophota	67812	P	0	0.00000	127	0.00003	122	0.00005	122	0.00002	130	0.00003	290	0.00005	147	0.00004	8	0.00001	15	0.00001	63	0.00002	63	0.00001	31	0.00000	57	0.00001	180	0.00001	51	0.00001	68	0.00001	55	0.00002	36	0.00003	118	0.00002	20	0.00002	23	0.00002	141	0.00003	47	0.00002	172	0.00005	123	0.00008	253	0.00005	243	0.00004	127	0.00004	132	0.00003
Lentisphaerota	256845	P	0	0.00000	30	0.00001	15	0.00001	31	0.00001	16	0.00000	47	0.00001	29	0.00001	13	0.00001	34	0.00002	20	0.00001	28	0.00001	123	0.00002	38	0.00001	86	0.00001	60	0.00001	18	0.00000	35	0.00001	5	0.00000	28	0.00001	15	0.00002	10	0.00001	23	0.00000	20	0.00001	23	0.00001	14	0.00001	27	0.00001	30	0.00001	18	0.00001	16	0.00000
Deferribacterota	200930	P	0	0.00000	1675	0.00038	772	0.00029	9632	0.00193	5582	0.00148	3402	0.00064	13520	0.00409	7254	0.00629	40957	0.02503	22183	0.00857	22862	0.00543	53750	0.00846	52566	0.00721	17493	0.00126	128755	0.01398	7685	0.00165	12302	0.00353	2290	0.00173	5270	0.00104	4157	0.00474	5426	0.00486	2246	0.00046	7081	0.00310	3811	0.00107	689	0.00047	5777	0.00123	3206	0.00057	1042	0.00029	40010	0.00774
Nitrospirota	40117	P	0	0.00000	892	0.00020	628	0.00023	921	0.00018	837	0.00022	1110	0.00021	659	0.00020	141	0.00012	179	0.00011	244	0.00009	421	0.00010	703	0.00011	890	0.00012	916	0.00007	926	0.00010	599	0.00013	664	0.00019	187	0.00014	899	0.00018	85	0.00010	142	0.00013	1019	0.00021	312	0.00014	581	0.00016	414	0.00028	934	0.00020	1167	0.00021	819	0.00023	921	0.00018
Aquificota	200783	P	0	0.00000	373	0.00008	258	0.00010	470	0.00009	385	0.00010	578	0.00011	283	0.00009	84	0.00007	116	0.00007	130	0.00005	268	0.00006	374	0.00006	476	0.00007	602	0.00004	563	0.00006	266	0.00006	266	0.00008	101	0.00008	550	0.00011	141	0.00016	133	0.00012	585	0.00012	231	0.00010	228	0.00006	144	0.00010	335	0.00007	359	0.00006	332	0.00009	439	0.00008
Thermomicrobiota	3027942	P	0	0.00000	188	0.00004	143	0.00005	153	0.00003	170	0.00004	129	0.00002	135	0.00004	22	0.00002	5	0.00000	20	0.00001	79	0.00002	74	0.00001	114	0.00002	83	0.00001	96	0.00001	116	0.00002	118	0.00003	51	0.00004	245	0.00005	65	0.00007	34	0.00003	235	0.00005	125	0.00005	128	0.00004	72	0.00005	262	0.00006	275	0.00005	197	0.00006	187	0.00004
Elusimicrobiota	74152	P	0	0.00000	139	0.00003	99	0.00004	229	0.00005	132	0.00003	169	0.00003	89	0.00003	13	0.00001	35	0.00002	61	0.00002	101	0.00002	105	0.00002	81	0.00001	228	0.00002	124	0.00001	129	0.00003	109	0.00003	33	0.00002	185	0.00004	81	0.00009	44	0.00004	148	0.00003	146	0.00006	148	0.00004	34	0.00002	123	0.00003	157	0.00003	115	0.00003	126	0.00002
Nitrospinota	1293497	P	0	0.00000	137	0.00003	144	0.00005	141	0.00003	108	0.00003	155	0.00003	112	0.00003	16	0.00001	14	0.00001	149	0.00006	120	0.00003	66	0.00001	84	0.00001	384	0.00003	100	0.00001	113	0.00002	107	0.00003	28	0.00002	209	0.00004	34	0.00004	31	0.00003	228	0.00005	109	0.00005	88	0.00002	54	0.00004	237	0.00005	136	0.00002	109	0.00003	105	0.00002
Calditrichota	1930617	P	0	0.00000	128	0.00003	43	0.00002	154	0.00003	108	0.00003	101	0.00002	58	0.00002	15	0.00001	36	0.00002	62	0.00002	90	0.00002	76	0.00001	99	0.00001	254	0.00002	98	0.00001	166	0.00004	154	0.00004	35	0.00003	78	0.00002	13	0.00001	27	0.00002	106	0.00002	65	0.00003	93	0.00003	42	0.00003	90	0.00002	149	0.00003	97	0.00003	138	0.00003
Chrysiogenota	200938	P	0	0.00000	155	0.00004	106	0.00004	195	0.00004	192	0.00005	165	0.00003	160	0.00005	21	0.00002	20	0.00001	30	0.00001	124	0.00003	58	0.00001	116	0.00002	138	0.00001	109	0.00001	222	0.00005	206	0.00006	48	0.00004	307	0.00006	21	0.00002	64	0.00006	315	0.00007	143	0.00006	167	0.00005	47	0.00003	108	0.00002	266	0.00005	197	0.00006	166	0.00003
Dictyoglomota	68297	P	0	0.00000	104	0.00002	51	0.00002	97	0.00002	47	0.00001	69	0.00001	103	0.00003	9	0.00001	10	0.00001	11	0.00000	24	0.00001	35	0.00001	63	0.00001	34	0.00000	111	0.00001	126	0.00003	65	0.00002	20	0.00002	173	0.00003	10	0.00001	20	0.00002	51	0.00001	33	0.00001	68	0.00002	35	0.00002	68	0.00001	86	0.00002	58	0.00002	239	0.00005
Atribacterota	67818	P	0	0.00000	98	0.00002	61	0.00002	129	0.00003	71	0.00002	67	0.00001	51	0.00002	21	0.00002	32	0.00002	69	0.00003	92	0.00002	102	0.00002	85	0.00001	199	0.00001	100	0.00001	95	0.00002	58	0.00002	23	0.00002	169	0.00003	15	0.00002	13	0.00001	115	0.00002	39	0.00002	46	0.00001	35	0.00002	68	0.00001	84	0.00001	62	0.00002	75	0.00001
Coprothermobacterota	2138240	P	0	0.00000	82	0.00002	15	0.00001	27	0.00001	21	0.00001	37	0.00001	26	0.00001	7	0.00001	1	0.00000	12	0.00000	37	0.00001	17	0.00000	34	0.00000	27	0.00000	27	0.00000	47	0.00001	24	0.00001	20	0.00002	96	0.00002	3	0.00000	9	0.00001	45	0.00001	22	0.00001	150	0.00004	9	0.00001	21	0.00000	147	0.00003	24	0.00001	22	0.00000
Thermosulfidibacterota	3123113	P	0	0.00000	44	0.00001	34	0.00001	49	0.00001	35	0.00001	30	0.00001	20	0.00001	2	0.00000	11	0.00001	14	0.00001	34	0.00001	22	0.00000	27	0.00000	67	0.00000	15	0.00000	17	0.00000	14	0.00000	2	0.00000	30	0.00001	3	0.00000	5	0.00000	27	0.00001	28	0.00001	32	0.00001	10	0.00001	26	0.00001	48	0.00001	25	0.00001	33	0.00001
Thermodesulfobiota	3002442	P	0	0.00000	27	0.00001	43	0.00002	52	0.00001	28	0.00001	88	0.00002	50	0.00002	12	0.00001	9	0.00001	11	0.00000	44	0.00001	129	0.00002	58	0.00001	51	0.00000	190	0.00002	67	0.00001	37	0.00001	11	0.00001	54	0.00001	10	0.00001	14	0.00001	36	0.00001	22	0.00001	26	0.00001	8	0.00001	47	0.00001	38	0.00001	26	0.00001	22	0.00000
Caldisericota	67814	P	0	0.00000	12	0.00000	7	0.00000	25	0.00001	16	0.00000	23	0.00000	50	0.00002	20	0.00002	7	0.00000	2	0.00000	18	0.00000	24	0.00000	32	0.00000	38	0.00000	47	0.00001	74	0.00002	42	0.00001	16	0.00001	130	0.00003	6	0.00001	22	0.00002	23	0.00000	18	0.00001	8	0.00000	2	0.00000	24	0.00001	12	0.00000	19	0.00001	27	0.00001
Synergistota	508458	P	0	0.00000	5914	0.00134	4720	0.00175	4950	0.00099	6011	0.00159	5710	0.00107	5055	0.00153	489	0.00042	319	0.00019	1141	0.00044	3072	0.00073	1899	0.00030	4446	0.00061	3863	0.00028	3605	0.00039	4908	0.00105	5650	0.00162	2323	0.00176	10747	0.00212	1282	0.00146	1182	0.00106	8983	0.00186	4128	0.00181	4633	0.00130	1562	0.00107	4187	0.00089	8915	0.00159	5688	0.00160	5686	0.00110
Thermotogota	200918	P	0	0.00000	1034	0.00023	692	0.00026	1273	0.00026	990	0.00026	1240	0.00023	728	0.00022	228	0.00020	247	0.00015	583	0.00023	867	0.00021	1129	0.00018	1831	0.00025	1939	0.00014	1515	0.00016	1606	0.00034	1065	0.00031	302	0.00023	1884	0.00037	201	0.00023	357	0.00032	1299	0.00027	546	0.00024	644	0.00018	565	0.00039	1124	0.00024	907	0.00016	970	0.00027	1289	0.00025
Candidatus Saccharibacteria	95818	P	0	0.00000	1168	0.00026	2059	0.00076	943	0.00019	1767	0.00047	868	0.00016	1331	0.00040	21	0.00002	22	0.00001	34	0.00001	96	0.00002	114	0.00002	136	0.00002	172	0.00001	124	0.00001	2673	0.00057	2116	0.00061	86	0.00007	1155	0.00023	96	0.00011	365	0.00033	2130	0.00044	542	0.00024	405	0.00011	1529	0.00105	3040	0.00065	1081	0.00019	1997	0.00056	1849	0.00036
Candidatus Bipolaricaulota	67810	P	0	0.00000	75	0.00002	52	0.00002	104	0.00002	47	0.00001	50	0.00001	46	0.00001	3	0.00000	0	0.00000	14	0.00001	35	0.00001	17	0.00000	38	0.00001	12	0.00000	18	0.00000	39	0.00001	36	0.00001	12	0.00001	59	0.00001	24	0.00003	13	0.00001	144	0.00003	48	0.00002	90	0.00003	19	0.00001	34	0.00001	124	0.00002	54	0.00002	59	0.00001
Candidatus Fervidibacterota	1383058	P	0	0.00000	22	0.00000	14	0.00001	28	0.00001	45	0.00001	57	0.00001	28	0.00001	5	0.00000	15	0.00001	14	0.00001	24	0.00001	71	0.00001	36	0.00000	42	0.00000	37	0.00000	28	0.00001	36	0.00001	100	0.00008	484	0.00010	91	0.00010	77	0.00007	17	0.00000	14	0.00001	30	0.00001	17	0.00001	18	0.00000	44	0.00001	51	0.00001	26	0.00001
Candidatus Absconditibacteriota	221235	P	0	0.00000	24	0.00001	0	0.00000	372	0.00007	403	0.00011	396	0.00007	316	0.00010	0	0.00000	0	0.00000	0	0.00000	21	0.00000	213	0.00003	39	0.00001	198	0.00001	18	0.00000	299	0.00006	264	0.00008	2	0.00000	29	0.00001	0	0.00000	5	0.00000	466	0.00010	197	0.00009	228	0.00006	3	0.00000	18	0.00000	473	0.00008	374	0.00011	364	0.00007
Candidatus Paceibacterota	1752724	P	0	0.00000	425	0.00010	10	0.00000	28	0.00001	35	0.00001	10	0.00000	8	0.00000	6	0.00001	63	0.00004	8	0.00000	19	0.00000	7	0.00000	35	0.00000	9	0.00000	33	0.00000	29	0.00001	11	0.00000	12	0.00001	78	0.00002	3	0.00000	5	0.00000	33	0.00001	6	0.00000	11	0.00000	16	0.00001	564	0.00012	14	0.00000	12	0.00000	117	0.00002
Basidiomycota	5204	P	0	0.00000	1927	0.00044	1217	0.00045	2056	0.00041	971	0.00026	1727	0.00032	864	0.00026	2499	0.00217	224	0.00014	362	0.00014	756	0.00018	863	0.00014	1395	0.00019	2053	0.00015	1439	0.00016	960	0.00021	864	0.00025	209	0.00016	1012	0.00020	259	0.00030	203	0.00018	1103	0.00023	1051	0.00046	963	0.00027	434	0.00030	1180	0.00025	1722	0.00031	1215	0.00034	1117	0.00022
Mucoromycota	1913637	P	0	0.00000	400	0.00009	118	0.00004	372	0.00007	254	0.00007	347	0.00007	184	0.00006	26	0.00002	113	0.00007	64	0.00002	189	0.00004	279	0.00004	530	0.00007	217	0.00002	371	0.00004	352	0.00008	421	0.00012	78	0.00006	449	0.00009	45	0.00005	67	0.00006	279	0.00006	98	0.00004	358	0.00010	77	0.00005	293	0.00006	497	0.00009	218	0.00006	198	0.00004
Microsporidia	6029	P	0	0.00000	51	0.00001	20	0.00001	122	0.00002	83	0.00002	76	0.00001	39	0.00001	8	0.00001	6	0.00000	4	0.00000	37	0.00001	14	0.00000	34	0.00000	53	0.00000	23	0.00000	22	0.00000	4	0.00000	9	0.00001	33	0.00001	8	0.00001	17	0.00002	41	0.00001	11	0.00000	75	0.00002	15	0.00001	48	0.00001	142	0.00003	58	0.00002	83	0.00002
Parabasalia	5719	P	0	0.00000	4321	0.00098	208	0.00008	750	0.00015	996	0.00026	1108	0.00021	699	0.00021	92	0.00008	65	0.00004	85	0.00003	135	0.00003	198	0.00003	269	0.00004	273	0.00002	519	0.00006	281	0.00006	232	0.00007	97	0.00007	381	0.00008	345	0.00039	41	0.00004	758	0.00016	95	0.00004	2267	0.00064	281	0.00019	160	0.00003	1776	0.00032	290	0.00008	227	0.00004
Fornicata	207245	P	0	0.00000	149	0.00003	49	0.00002	134	0.00003	57	0.00002	177	0.00003	133	0.00004	53	0.00005	178	0.00011	55	0.00002	389	0.00009	398	0.00006	729	0.00010	227	0.00002	607	0.00007	59	0.00001	56	0.00002	15	0.00001	102	0.00002	15	0.00002	20	0.00002	46	0.00001	68	0.00003	254	0.00007	30	0.00002	41	0.00001	325	0.00006	39	0.00001	42	0.00001
Ciliophora	5878	P	0	0.00000	1	0.00000	0	0.00000	0	0.00000	3	0.00000	3	0.00000	1	0.00000	0	0.00000	0	0.00000	0	0.00000	14	0.00000	1	0.00000	4	0.00000	3	0.00000	3	0.00000	3	0.00000	0	0.00000	0	0.00000	1	0.00000	0	0.00000	0	0.00000	5	0.00000	3	0.00000	1	0.00000	0	0.00000	1	0.00000	3	0.00000	0	0.00000	0	0.00000
Bacillariophyta	2836	P	0	0.00000	73	0.00002	37	0.00001	57	0.00001	26	0.00001	49	0.00001	31	0.00001	6	0.00001	9	0.00001	8	0.00000	25	0.00001	53	0.00001	28	0.00000	18	0.00000	50	0.00001	69	0.00001	65	0.00002	13	0.00001	44	0.00001	7	0.00001	9	0.00001	36	0.00001	29	0.00001	36	0.00001	26	0.00002	81	0.00002	48	0.00001	37	0.00001	29	0.00001
Oomycota	4762	P	0	0.00000	59	0.00001	28	0.00001	60	0.00001	32	0.00001	73	0.00001	39	0.00001	8	0.00001	6	0.00000	25	0.00001	36	0.00001	62	0.00001	53	0.00001	154	0.00001	76	0.00001	85	0.00002	68	0.00002	28	0.00002	63	0.00001	8	0.00001	13	0.00001	87	0.00002	22	0.00001	23	0.00001	26	0.00002	32	0.00001	66	0.00001	39	0.00001	63	0.00001
Cercozoa	136419	P	0	0.00000	4	0.00000	0	0.00000	0	0.00000	0	0.00000	0	0.00000	0	0.00000	0	0.00000	0	0.00000	0	0.00000	0	0.00000	0	0.00000	0	0.00000	0	0.00000	0	0.00000	0	0.00000	0	0.00000	0	0.00000	0	0.00000	0	0.00000	1	0.00000	1	0.00000	1	0.00000	3	0.00000	0	0.00000	0	0.00000	1	0.00000	2	0.00000	0	0.00000
Euglenozoa	33682	P	0	0.00000	533	0.00012	372	0.00014	701	0.00014	531	0.00014	516	0.00010	393	0.00012	74	0.00006	45	0.00003	125	0.00005	335	0.00008	210	0.00003	381	0.00005	322	0.00002	357	0.00004	384	0.00008	321	0.00009	148	0.00011	562	0.00011	64	0.00007	95	0.00009	512	0.00011	225	0.00010	384	0.00011	200	0.00014	649	0.00014	716	0.00013	428	0.00012	506	0.00010
Evosea	2605435	P	0	0.00000	145	0.00003	37	0.00001	95	0.00002	89	0.00002	104	0.00002	40	0.00001	12	0.00001	30	0.00002	11	0.00000	28	0.00001	90	0.00001	105	0.00001	63	0.00000	136	0.00001	139	0.00003	123	0.00004	39	0.00003	142	0.00003	31	0.00004	44	0.00004	155	0.00003	100	0.00004	107	0.00003	34	0.00002	119	0.00003	114	0.00002	78	0.00002	45	0.00001
Thermoproteota	28889	P	0	0.00000	482	0.00011	219	0.00008	402	0.00008	330	0.00009	446	0.00008	297	0.00009	74	0.00006	73	0.00004	189	0.00007	235	0.00006	259	0.00004	377	0.00005	580	0.00004	407	0.00004	320	0.00007	340	0.00010	112	0.00008	553	0.00011	69	0.00008	89	0.00008	529	0.00011	199	0.00009	296	0.00008	133	0.00009	373	0.00008	436	0.00008	313	0.00009	385	0.00007
Nitrososphaerota	651137	P	0	0.00000	210	0.00005	44	0.00002	172	0.00003	103	0.00003	150	0.00003	86	0.00003	27	0.00002	24	0.00001	56	0.00002	85	0.00002	92	0.00001	145	0.00002	181	0.00001	175	0.00002	333	0.00007	146	0.00004	48	0.00004	270	0.00005	20	0.00002	53	0.00005	151	0.00003	69	0.00003	109	0.00003	37	0.00003	141	0.00003	148	0.00003	135	0.00004	144	0.00003
Promethearchaeota	3366641	P	0	0.00000	21	0.00000	3	0.00000	11	0.00000	10	0.00000	6	0.00000	5	0.00000	1	0.00000	2	0.00000	0	0.00000	6	0.00000	4	0.00000	5	0.00000	1	0.00000	5	0.00000	7	0.00000	2	0.00000	2	0.00000	42	0.00001	2	0.00000	0	0.00000	6	0.00000	4	0.00000	5	0.00000	4	0.00000	12	0.00000	31	0.00001	10	0.00000	110	0.00002
Candidatus Nanohalarchaeota	1462430	P	0	0.00000	7	0.00000	1	0.00000	8	0.00000	0	0.00000	9	0.00000	7	0.00000	0	0.00000	6	0.00000	2	0.00000	0	0.00000	4	0.00000	4	0.00000	14	0.00000	2	0.00000	61	0.00001	10	0.00000	3	0.00000	50	0.00001	3	0.00000	4	0.00000	5	0.00000	5	0.00000	4	0.00000	0	0.00000	7	0.00000	12	0.00000	8	0.00000	6	0.00000
Nanobdellota	192989	P	0	0.00000	1	0.00000	2	0.00000	1	0.00000	3	0.00000	1	0.00000	0	0.00000	0	0.00000	0	0.00000	0	0.00000	1	0.00000	0	0.00000	0	0.00000	1	0.00000	1	0.00000	3	0.00000	2	0.00000	6	0.00000	3	0.00000	0	0.00000	0	0.00000	1	0.00000	1	0.00000	1	0.00000	1	0.00000	1	0.00000	2	0.00000	4	0.00000	0	0.00000
Candidatus Micrarchaeota	1801631	P	0	0.00000	1	0.00000	1	0.00000	4	0.00000	0	0.00000	7	0.00000	6	0.00000	1	0.00000	2	0.00000	2	0.00000	1	0.00000	7	0.00000	10	0.00000	7	0.00000	6	0.00000	2	0.00000	1	0.00000	0	0.00000	19	0.00000	0	0.00000	1	0.00000	1	0.00000	2	0.00000	2	0.00000	1	0.00000	16	0.00000	1	0.00000	4	0.00000	3	0.00000
Peploviricota	2731361	P	0	0.00000	524	0.00012	48	0.00002	408	0.00008	43	0.00001	842	0.00016	185	0.00006	3	0.00000	2	0.00000	18	0.00001	22	0.00001	66	0.00001	46	0.00001	250	0.00002	64	0.00001	24	0.00001	12	0.00000	8	0.00001	58	0.00001	55	0.00006	10	0.00001	60	0.00001	21	0.00001	40	0.00001	12	0.00001	22	0.00000	62	0.00001	25	0.00001	45	0.00001
Nucleocytoviricota	2732007	P	0	0.00000	304	0.00007	165	0.00006	132	0.00003	144	0.00004	107	0.00002	88	0.00003	71	0.00006	44	0.00003	87	0.00003	163	0.00004	170	0.00003	172	0.00002	88	0.00001	254	0.00003	282	0.00006	151	0.00004	67	0.00005	309	0.00006	32	0.00004	48	0.00004	157	0.00003	42	0.00002	279	0.00008	120	0.00008	339	0.00007	440	0.00008	198	0.00006	143	0.00003
Preplasmiviricota	2732008	P	0	0.00000	6	0.00000	50	0.00002	4	0.00000	161	0.00004	17	0.00000	3	0.00000	0	0.00000	23	0.00001	0	0.00000	0	0.00000	110	0.00002	202	0.00003	16	0.00000	109	0.00001	7	0.00000	60	0.00002	0	0.00000	23	0.00000	2	0.00000	1	0.00000	2	0.00000	60	0.00003	252	0.00007	40	0.00003	69	0.00001	387	0.00007	119	0.00003	174	0.00003
Negarnaviricota	2497569	P	0	0.00000	13	0.00000	6	0.00000	29	0.00001	3	0.00000	21	0.00000	7	0.00000	1	0.00000	5	0.00000	2	0.00000	5	0.00000	10	0.00000	12	0.00000	23	0.00000	11	0.00000	117	0.00003	7	0.00000	11	0.00001	60	0.00001	7	0.00001	17	0.00002	33	0.00001	2	0.00000	21	0.00001	4	0.00000	7	0.00000	17	0.00000	6	0.00000	8	0.00000
Lenarviricota	2732407	P	0	0.00000	9	0.00000	2	0.00000	8	0.00000	4	0.00000	4	0.00000	5	0.00000	0	0.00000	1	0.00000	0	0.00000	7	0.00000	0	0.00000	2	0.00000	3	0.00000	0	0.00000	0	0.00000	0	0.00000	13	0.00001	1	0.00000	0	0.00000	2	0.00000	67	0.00001	0	0.00000	6	0.00000	0	0.00000	0	0.00000	7	0.00000	4	0.00000	4	0.00000
Pisuviricota	2732408	P	0	0.00000	4	0.00000	12	0.00000	5	0.00000	0	0.00000	16	0.00000	12	0.00000	0	0.00000	0	0.00000	0	0.00000	2	0.00000	0	0.00000	3	0.00000	0	0.00000	2	0.00000	11	0.00000	8	0.00000	0	0.00000	5	0.00000	5	0.00001	4	0.00000	13	0.00000	5	0.00000	2	0.00000	5	0.00000	17	0.00000	10	0.00000	7	0.00000	9	0.00000
Duplornaviricota	2732405	P	0	0.00000	2	0.00000	7	0.00000	18	0.00000	4	0.00000	1	0.00000	2	0.00000	1	0.00000	0	0.00000	0	0.00000	0	0.00000	0	0.00000	0	0.00000	0	0.00000	0	0.00000	2	0.00000	0	0.00000	0	0.00000	1	0.00000	0	0.00000	1	0.00000	0	0.00000	0	0.00000	1	0.00000	2	0.00000	3	0.00000	0	0.00000	4	0.00000	3	0.00000
Kitrinoviricota	2732406	P	0	0.00000	33	0.00001	2	0.00000	5	0.00000	0	0.00000	5	0.00000	36	0.00001	0	0.00000	0	0.00000	0	0.00000	0	0.00000	2	0.00000	0	0.00000	0	0.00000	0	0.00000	1	0.00000	0	0.00000	0	0.00000	0	0.00000	0	0.00000	0	0.00000	1	0.00000	0	0.00000	3	0.00000	3	0.00000	3	0.00000	6	0.00000	0	0.00000	8	0.00000
Cossaviricota	2732415	P	0	0.00000	5	0.00000	2	0.00000	1	0.00000	1	0.00000	1	0.00000	1	0.00000	0	0.00000	0	0.00000	0	0.00000	0	0.00000	0	0.00000	1	0.00000	0	0.00000	0	0.00000	6	0.00000	9	0.00000	3	0.00000	8	0.00000	0	0.00000	0	0.00000	1	0.00000	0	0.00000	0	0.00000	13	0.00001	4	0.00000	2	0.00000	2	0.00000	0	0.00000
Cressdnaviricota	2732416	P	0	0.00000	5	0.00000	1	0.00000	3	0.00000	2	0.00000	0	0.00000	2	0.00000	0	0.00000	3	0.00000	23	0.00001	12	0.00000	20	0.00000	6	0.00000	79	0.00001	16	0.00000	2	0.00000	9	0.00000	0	0.00000	4	0.00000	2	0.00000	0	0.00000	3	0.00000	2	0.00000	6	0.00000	1	0.00000	1	0.00000	4	0.00000	1	0.00000	1	0.00000
Artverviricota	2732409	P	0	0.00000	0	0.00000	0	0.00000	54	0.00001	0	0.00000	22	0.00000	0	0.00000	0	0.00000	0	0.00000	1	0.00000	0	0.00000	0	0.00000	1	0.00000	0	0.00000	1	0.00000	80	0.00002	0	0.00000	0	0.00000	114	0.00002	0	0.00000	12	0.00001	0	0.00000	0	0.00000	0	0.00000	0	0.00000	0	0.00000	0	0.00000	2	0.00000	339	0.00007
Dividoviricota	2732009	P	0	0.00000	0	0.00000	0	0.00000	0	0.00000	1	0.00000	3	0.00000	1	0.00000	0	0.00000	0	0.00000	0	0.00000	0	0.00000	0	0.00000	0	0.00000	0	0.00000	0	0.00000	2	0.00000	0	0.00000	0	0.00000	0	0.00000	0	0.00000	0	0.00000	0	0.00000	0	0.00000	1	0.00000	0	0.00000	0	0.00000	1	0.00000	0	0.00000	0	0.00000
Taleaviricota	2840024	P	0	0.00000	0	0.00000	0	0.00000	0	0.00000	0	0.00000	8	0.00000	2	0.00000	0	0.00000	0	0.00000	0	0.00000	0	0.00000	0	0.00000	0	0.00000	0	0.00000	0	0.00000	4	0.00000	0	0.00000	2	0.00000	2	0.00000	1	0.00000	0	0.00000	0	0.00000	0	0.00000	2	0.00000	1	0.00000	4	0.00000	2	0.00000	2	0.00000	2	0.00000
Phixviricota	2732412	P	0	0.00000	0	0.00000	0	0.00000	0	0.00000	0	0.00000	0	0.00000	0	0.00000	0	0.00000	0	0.00000	0	0.00000	0	0.00000	0	0.00000	0	0.00000	0	0.00000	0	0.00000	0	0.00000	0	0.00000	0	0.00000	0	0.00000	0	0.00000	0	0.00000	0	0.00000	0	0.00000	0	0.00000	0	0.00000	0	0.00000	1	0.00000	0	0.00000	0	0.00000
