# Pathway	ExtractionBlank_S77_R1_cat_kneaddata_Abundance	Serife-CON1_S49_R1_cat_kneaddata_Abundance	Serife-CON2_S50_R1_cat_kneaddata_Abundance	Serife-CON3_S51_R1_cat_kneaddata_Abundance	Serife-CON4_S52_R1_cat_kneaddata_Abundance	Serife-CON5_S53_R1_cat_kneaddata_Abundance	Serife-CON6_S54_R1_cat_kneaddata_Abundance	Serife-KD1_S69_R1_cat_kneaddata_Abundance	Serife-KD2_S70_R1_cat_kneaddata_Abundance	Serife-KD3_S71_R1_cat_kneaddata_Abundance	Serife-KD4_S72_R1_cat_kneaddata_Abundance	Serife-KD5_S73_R1_cat_kneaddata_Abundance	Serife-KD6_S74_R1_cat_kneaddata_Abundance	Serife-KD7_S75_R1_cat_kneaddata_Abundance	Serife-KD8_S76_R1_cat_kneaddata_Abundance	Serife-MMKD1_S61_R1_cat_kneaddata_Abundance	Serife-MMKD2_S62_R1_cat_kneaddata_Abundance	Serife-MMKD3_S63_R1_cat_kneaddata_Abundance	Serife-MMKD4_S64_R1_cat_kneaddata_Abundance	Serife-MMKD5_S65_R1_cat_kneaddata_Abundance	Serife-MMKD6_S66_R1_cat_kneaddata_Abundance	Serife-MMKD7_S67_R1_cat_kneaddata_Abundance	Serife-MMKD8_S68_R1_cat_kneaddata_Abundance	Serife-SCOP1_S55_R1_cat_kneaddata_Abundance	Serife-SCOP2_S56_R1_cat_kneaddata_Abundance	Serife-SCOP3_S57_R1_cat_kneaddata_Abundance	Serife-SCOP4_S58_R1_cat_kneaddata_Abundance	Serife-SCOP5_S59_R1_cat_kneaddata_Abundance	Serife-SCOP6_S60_R1_cat_kneaddata_Abundance
UNMAPPED	0	712511	729210	708482	723287	725716	739366	690358	645161	633108	649394	607294	611122	543394	592729	655515	688553	686331	707728	737969	719054	706503	680650	709630	780203	725445	708359	753445	677543
UNINTEGRATED	0	264961	248228	266209	252916	251432	239493	282950	323979	335885	319056	358022	355543	415499	370926	316593	285706	290031	266629	241505	259296	268981	293011	267794	202702	250482	268721	226300	299478
1CMET2-PWY: folate transformations III (E. coli)	0	146.956	103.519	161.926	123.343	159.552	90.4343	222.954	209.203	231.921	216.181	279.902	311.868	313.926	318.165	140.165	96.7989	101.266	114.507	87.3098	86.7673	99.2271	76.1052	111.951	56.4401	129.574	113.43	82.1745	122.549
3-HYDROXYPHENYLACETATE-DEGRADATION-PWY: 4-hydroxyphenylacetate degradation	0	0	0	0	0	0	0	0	0	0	0	0	0	5.38932	1.18783	0	0	0	0	0	0	0	0	0	0	0	0	0	0
ANAEROFRUCAT-PWY: homolactic fermentation	0	49.3665	54.2935	83.5551	51.8349	59.2966	48.0881	117.022	131.627	71.412	136.141	150.517	137.357	147.397	163.136	105.469	51.204	46.1689	39.0327	74.2709	51.3095	34.8987	37.1953	50.1971	24.8765	81.7202	58.5573	41.1147	42.3784
ANAGLYCOLYSIS-PWY: glycolysis III (from glucose)	0	105.64	165.278	157.519	112.406	143.367	119.819	240.168	296.23	251.568	281.907	345.21	307.453	377.911	366.991	347.474	259.338	97.7526	184.286	140.459	291.818	161.817	109.684	148.519	178.574	325.551	190.512	166.251	209.585
ARG+POLYAMINE-SYN: superpathway of arginine and polyamine biosynthesis	0	0	0	3.57085	9.70897	2.98942	0	0	18.8949	36.8843	0	18.6224	27.9851	80.3137	30.006	0	0	0	10.4844	26.2611	0	9.93088	15.1536	0	0	0	0	0	6.00514
ARGDEG-PWY: superpathway of L-arginine, putrescine, and 4-aminobutanoate degradation	0	0	0	0	0	0	0	0	0	0	0	0	0	7.35508	2.79066	0	0	0	0	0	0	0	0	0	0	0	0	0	0
ARGININE-SYN4-PWY: L-ornithine biosynthesis II	0	7.7232	0	6.61164	6.65642	11.1296	5.87512	71.6819	134.478	87.7879	62.5265	139.314	102.271	122.992	152.657	0	4.58006	0	3.30479	51.5747	8.87079	3.06577	7.45324	1.60043	0	1.97156	3.72604	4.79072	4.80783
ARGSYN-PWY: L-arginine biosynthesis I (via L-ornithine)	0	369.986	420.792	355.673	430.031	313.812	369.439	254.552	249.55	345.288	373.787	303.69	360.028	320.327	318.316	411.005	424.448	401.325	470.766	253.018	327.462	440.15	449.118	374.711	274.218	300.617	408.777	333.582	407.179
ARGSYNBSUB-PWY: L-arginine biosynthesis II (acetyl cycle)	0	359.365	431.999	344.074	428.944	303.806	383.855	223.552	226.88	320.965	350.261	263.695	340.774	282.307	290.575	400.513	424.961	399.96	492.482	240.952	334.388	448.643	448.714	378.365	278.249	295.633	412.261	333.862	398.97
ARO-PWY: chorismate biosynthesis I	0	231.455	229.971	221.209	228.549	200.662	197.164	182.911	222.434	243.957	270.365	246.545	261.113	311.731	286.12	252.935	234.962	261.353	256.797	174.604	187.286	260.815	291.807	238.991	151.21	192.688	242.027	173.402	236.284
ASPASN-PWY: superpathway of L-aspartate and L-asparagine biosynthesis	0	65.636	26.3411	86.5522	44.7524	89.9106	54.0166	210.812	241.235	209.623	166.673	249.083	199.662	249.717	260.451	99.7777	83.239	46.3049	52.1685	97.2393	70.9589	39.7747	59.8013	64.5504	18.1621	51.4199	36.5095	44.2478	42.3876
AST-PWY: L-arginine degradation II (AST pathway)	0	0	0	0	0	0	0	0	0	0	0.904096	0	0	4.60074	0.922529	0	0	0	0	0	0	0	0	0	0	0	0	0	0
BIOTIN-BIOSYNTHESIS-PWY: biotin biosynthesis I	0	12.9197	12.3883	16.2078	14.3825	21.8899	8.33431	0	18.0553	16.635	38.5546	9.77989	2.10942	73.6447	28.3162	0	0	0	0	0	0	0	0	4.59642	0	19.7318	9.03282	21.86	23.1361
BRANCHED-CHAIN-AA-SYN-PWY: superpathway of branched chain amino acid biosynthesis	0	340.257	416.835	444.497	426.871	350.424	331.403	372.379	368.015	387.943	414.883	418.362	365.17	432.237	399.413	367.3	347.398	297.884	406.409	242.865	317.426	379.213	359.631	338.854	299.428	364.509	365.453	315.37	369.577
CALVIN-PWY: Calvin-Benson-Bassham cycle	0	240.563	261.918	273.855	300.081	308.3	276.625	223.316	296.562	358.631	337.086	362.009	331.992	420.812	307.425	319.688	320.84	359.857	300.087	241.341	296.316	289.807	333.635	233.882	216.711	261.069	261.384	253.89	269.778
CARNMET-PWY: L-carnitine degradation I	0	0	0	0	0	0	0	0	0	0	0	0	0	1.26016	0	0	0	0	0	0	0	0	0	0	0	0	0	0	0
CENTFERM-PWY: pyruvate fermentation to butanoate	0	26.0707	36.3831	30.6903	33.0309	19.5043	32.2227	12.998	0	31.7942	32.6565	26.9242	31.6804	35.8058	27.0542	17.4499	37.412	50.3827	59.1693	22.6932	30.9113	46.0564	56.0538	25.3946	30.1412	31.0048	25.889	24.8806	26.806
CHLOROPHYLL-SYN: 3,8-divinyl-chlorophyllide a biosynthesis I (aerobic, light-dependent)	0	0	0	0	0	0	0	0	0	0	0	0	0	0	1.42371	0	0	0	0	0	0	0	0	0	0	0	0	0	0
CITRULBIO-PWY: L-citrulline biosynthesis	0	6.74622	24.3317	13.4566	35.2889	14.0787	12.8909	0	13.2968	17.8843	1.85939	28.1036	40.2567	15.6455	28.7195	2.51742	5.3972	0	3.94404	23.079	16.011	4.33513	4.14433	14.22	0	13.2962	18.0198	27.3657	27.0934
COA-PWY-1: superpathway of coenzyme A biosynthesis III (mammals)	0	143.891	150.919	134.218	150.78	122.595	127.362	118.394	188.753	134.197	178.206	191.864	225.968	202.501	195.558	247.267	224.561	250.338	190.255	215.738	170.348	219.489	281.556	119.51	96.5325	177.331	130.836	130.959	128.628
COA-PWY: coenzyme A biosynthesis I (prokaryotic)	0	179.227	225.204	217.121	210.123	190.474	152.627	154.278	192.284	163.845	260.689	262.112	305.111	260.094	295.757	304.824	340.539	300.077	268.447	274.484	248.532	287.684	337.806	159.011	175.016	246.972	176.517	190.214	189.77
COBALSYN-PWY: superpathway of adenosylcobalamin salvage from cobinamide I	0	3.01803	0	2.50052	2.63478	3.26729	0	15.865	40.5696	17.2306	21.2377	64.7662	36.797	52.2	37.0396	22.7679	13.2195	0	11.0473	0	10.5184	11.9247	9.42582	3.58111	0	20.8084	2.06107	1.90575	4.2935
COLANSYN-PWY: colanic acid building blocks biosynthesis	0	34.6038	47.012	30.6622	43.8011	44.7635	23.1817	92.47	91.3407	87.3037	112.576	100.768	104.161	118.216	97.495	72.8028	56.6506	58.1935	63.4612	61.4917	70.1652	57.5355	108.59	10.1157	25.2405	137.939	21.1021	46.7202	50.4514
COMPLETE-ARO-PWY: superpathway of aromatic amino acid biosynthesis	0	234.089	218.596	237.963	232.912	218.173	193.976	194.987	236.952	255.932	276.463	265.996	282.164	324.915	296.625	256.152	239.7	255.41	270.685	172.69	185.632	265.596	282.117	234.46	157.316	189.551	215.672	166.697	243.696
CRNFORCAT-PWY: creatinine degradation I	0	0	0	1.9405	0	1.18552	0	0	0	0	0	0	0	0	0	0	0	0	2.66213	0	0	1.66088	0	0.90461	0	0	0	1.10295	0
DAPLYSINESYN-PWY: L-lysine biosynthesis I	0	64.92	79.2882	58.4527	73.4229	54.4228	79.4889	55.3341	42.3255	38.2516	9.30056	26.4572	18.319	55.2109	28.8217	13.0552	6.10268	19.29	12.2904	47.8319	0	25.8769	16.1122	54.0182	69.2412	63.6501	41.227	76.9466	47.8726
DARABCATK12-PWY: D-arabinose degradation I	0	0	0	2.08541	0	0	0	0	0	0	0.3877	0	0	3.61702	0	0	0	0	0	0	0	0	0	0	0	0	0	0	0
DENOVOPURINE2-PWY: superpathway of purine nucleotides de novo biosynthesis II	0	0	0	0	0	0	0	21.7609	0	0	0	0	0	27.6544	0	0	0	0	0	0	0	0	0	0	0	0	0	0	0
DTDPRHAMSYN-PWY: dTDP-&beta;-L-rhamnose biosynthesis	0	344.504	286.177	447.224	366.971	365.414	277.103	493.006	645.609	611.609	523.317	756.346	651.671	739.002	778.759	386.91	402.403	288.172	298.281	361.003	343.035	300.437	383.367	363.292	244.329	313.951	326.943	339.289	356.266
ECASYN-PWY: enterobacterial common antigen biosynthesis	0	0	0	0	0	0	0	0	0	0	0.63307	0	0	4.13287	1.0107	0	0	0	0	0	0	0	0	0	0	0	0	0	0
FAO-PWY: fatty acid &beta;-oxidation I (generic)	0	0	0	0	0	0	0	0	0	0	0	0	0	19.1142	1.45829	0	0	0	0	0	0	0	0	0	0	0	0	0	0
FASYN-ELONG-PWY: fatty acid elongation -- saturated	0	34.5304	32.7374	36.3084	27.1313	54.3894	48.3458	0	20.7507	16.6607	49.0105	8.72137	1.38609	91.3331	26.1259	0	0	0	0	0	0	0	0	14.4019	62.6167	54.9601	11.3255	47.3955	33.7918
FERMENTATION-PWY: mixed acid fermentation	0	79.9628	107.675	102.872	94.7519	149.222	114.625	31.1537	42.2954	81.6795	55.6621	51.7383	44.4687	63.6286	41.2227	41.6747	44.5714	37.494	60.7926	19.8981	26.8129	40.5378	48.459	60.6984	132.799	131.387	56.8515	121.714	96.9057
FOLSYN-PWY: superpathway of tetrahydrofolate biosynthesis and salvage	0	0	0	0	0	0	0	0	0	0	4.874	6.97545	3.35485	7.88551	0	7.9704	0	0	0	0	0	0	0	0	0	0	0	0	0
FUC-RHAMCAT-PWY: superpathway of fucose and rhamnose degradation	0	0	0	0	0	6.42574	0	6.7814	10.459	6.01502	9.64108	4.89767	0	30.2494	7.45855	6.53307	5.29713	0	5.86098	0	0	0	0	0	0	0	0	0	3.60549
FUCCAT-PWY: fucose degradation	0	0	0	3.39445	0	3.8498	0	5.24832	7.08292	3.36457	5.81838	4.06327	0	21.7878	4.64834	6.68271	3.72863	0	4.06261	0	0	3.48208	3.64183	0	0	4.45092	1.91127	0	5.79977
GALACT-GLUCUROCAT-PWY: superpathway of hexuronide and hexuronate degradation	0	20.0373	20.3795	22.7803	19.8078	21.41	18.2659	24.7398	13.5341	27.3122	31.3349	16.6524	45.2007	51.461	36.1649	47.6445	36.4613	55.4952	26.8271	8.4243	20.0199	18.5002	29.6983	20.6902	11.6115	24.0924	22.263	26.282	16.358
GALACTARDEG-PWY: D-galactarate degradation I	0	0	22.9334	1.06318	0	0	0	7.04962	4.34129	9.29939	11.4174	10.3811	18.8411	31.8954	15.7188	0	0	0	1.37247	0	0	0	0	0	0	0	0	0	0
GALACTITOLCAT-PWY: galactitol degradation	0	1.70274	11.4764	1.83967	4.42574	3.59542	6.13253	4.72567	0	0	4.32616	0	0	12.7385	1.30713	6.27027	3.20814	0	6.6513	0	0	7.01899	0	5.50047	4.72198	4.24731	6.00002	4.03259	7.28634
GALACTUROCAT-PWY: D-galacturonate degradation I	0	39.8974	40.6937	32.7416	39.388	34.0779	39.324	48.0106	26.0538	68.9658	64.6519	60.0245	56.5345	70.9286	52.934	112.246	82.4033	94.401	58.6717	41.8943	23.3252	48.717	80.4679	23.4568	22.709	48.1414	30.8117	55.4901	29.7872
GLCMANNANAUT-PWY: superpathway of N-acetylglucosamine, N-acetylmannosamine and N-acetylneuraminate degradation	0	52.313	88.5891	59.879	58.8596	86.841	70.3365	92.0092	129.626	89.9854	108.151	119.205	125.675	87.6951	97.7737	104.998	90.5359	87.4537	103.987	57.4311	68.5103	89.3173	99.3844	56.7715	97.8481	96.0733	49.9485	95.5775	68.3874
GLUCARDEG-PWY: D-glucarate degradation I	0	0	20.451	1.05958	0	0	0	0	0	6.17603	5.8374	6.28907	11.5558	25.8638	7.1499	0	0	0	1.34942	0	0	0	0	0	0	0	0	0	0
GLUCARGALACTSUPER-PWY: superpathway of D-glucarate and D-galactarate degradation	0	0	22.9334	1.06318	0	0	0	7.04962	4.34129	9.29939	11.4174	10.3811	18.8411	31.8954	15.7188	0	0	0	1.37247	0	0	0	0	0	0	0	0	0	0
GLUCONEO-PWY: gluconeogenesis I	0	203.621	162.46	246.519	195.508	239.447	193.137	157.063	139.314	195.611	205.764	194.927	176.315	194.377	155.545	147.232	164.099	111.047	126.935	135.145	127.811	137.027	141.043	161.405	121.12	155.1	155.804	165.294	190.483
GLUCOSE1PMETAB-PWY: glucose and glucose-1-phosphate degradation	0	0	0	0	88.1455	0	0	58.918	40.5871	122.682	95.6745	67.22	83.517	94.3845	78.2674	0	0	0	86.9795	0	0	0	0	0	0	0	0	0	0
GLUCUROCAT-PWY: superpathway of &beta;-D-glucuronosides degradation	0	26.4024	30.5017	25.2362	30.3203	29.7237	33.5826	25.1638	46.7506	30.3113	35.1511	29.6257	51.2272	55.9367	40.5308	100.9	43.821	84.1587	56.525	26.1635	23.2651	33.1461	41.6863	21.6893	22.3366	42.7929	28.5249	34.3356	28.8423
GLUDEG-I-PWY: GABA shunt	0	4.3476	0	4.29642	3.24328	6.8089	3.68672	15.4579	8.62154	3.97633	11.092	19.4688	5.14519	27.4	14.0833	8.01313	4.55785	0	3.41703	11.676	5.95092	2.0299	0	1.07372	0	5.28935	2.0235	1.67486	1.2899
GLUTORN-PWY: L-ornithine biosynthesis I	0	283.358	302.401	260.327	309.731	227.249	264.264	178.511	173.061	254.124	260.053	193.102	243.98	226.584	214.698	241.812	245.116	223.695	304.11	140.106	197.533	294.736	273.347	300.19	197.815	197.383	317.817	207.022	319.646
GLYCOCAT-PWY: glycogen degradation I	0	14.4094	2.79592	9.08353	11.3715	8.02796	7.6766	40.6857	78.7174	0	29.9509	41.4259	31.1801	8.77624	13.1985	16.4116	0	13.9666	0	0	21.4979	17.2368	0	8.08899	11.9518	43.1997	17.352	6.89313	17.1331
GLYCOGENSYNTH-PWY: glycogen biosynthesis I (from ADP-D-Glucose)	0	456.398	488.211	364.165	512.54	352.656	416.398	179.013	179.906	237.694	317.141	219.069	290.191	218.634	224.796	486.335	485.13	507.422	517.299	289.308	397.51	522.06	523.032	461.009	352.398	384.837	471.967	404.443	489.826
GLYCOL-GLYOXDEG-PWY: superpathway of glycol metabolism and degradation	0	0	0	0	0	0	0	0	0	0	5.41827	1.13834	0	3.85962	0.132087	0	0	0	0	0	0	0	0	0	0	0	0	0	0
GLYCOLYSIS-E-D: superpathway of glycolysis and the Entner-Doudoroff pathway	0	32.4716	27.1714	39.0441	21.0464	36.3594	37.0741	53.8671	54.3306	31.2268	71.2017	108.378	89.4789	125.668	103.657	14.6911	18.6605	16.2758	10.0599	31.8299	11.633	15.2428	9.01138	26.4076	44.9702	69.0034	23.4487	33.1111	32.7098
GLYCOLYSIS-TCA-GLYOX-BYPASS: superpathway of glycolysis, pyruvate dehydrogenase, TCA, and glyoxylate bypass	0	0	0	0	0	0	0	0	0	0	1.41514	0	0	2.2442	1.28467	0	0	0	0	0	0	0	0	0	0	0	0	0	0
GLYCOLYSIS: glycolysis I (from glucose 6-phosphate)	0	92.6096	145.931	160.097	97.7016	102.699	84.3381	176.332	192.159	110.576	228.144	212.503	167.559	204.802	205.981	297.412	232.412	89.6608	167.415	137.865	253.958	142.177	103.832	136.546	154.267	278.808	175.839	149.363	191.931
GLYOXYLATE-BYPASS: glyoxylate cycle	0	0	0	0	0	0	0	8.48044	4.47531	14.998	9.73172	1.69502	0	25.2465	8.7916	0	0	0	2.29172	0	0	0	0	0	0	0	0	0	0
GOLPDLCAT-PWY: superpathway of glycerol degradation to 1,3-propanediol	0	0	2.4781	1.52962	2.55942	0	4.12337	0	10.9015	5.05162	9.78062	13.8473	14.4447	14.7329	12.1959	10.1204	9.15669	0	4.73167	0	4.84363	4.60024	0	2.36363	3.12339	7.72046	2.4234	1.14861	1.19325
HCAMHPDEG-PWY: 3-phenylpropanoate and 3-(3-hydroxyphenyl)propanoate degradation to 2-hydroxypentadienoate	0	0	0	0	0	0	0	0	0	0	1.54599	0	0	5.62965	0.930349	0	0	0	0	0	0	0	0	0	0	0	0	0	0
HEME-BIOSYNTHESIS-II-1: heme b biosynthesis V (aerobic)	0	0	0	0	0	0	0	0	25.4929	13.7208	10.4227	8.81631	3.51041	15.4679	8.69517	4.40105	2.56793	0	0	0	0	0	0	2.68164	0	4.30303	0	0	0
HEME-BIOSYNTHESIS-II: heme b biosynthesis I (aerobic)	0	0	0	4.3939	2.16534	1.39446	3.07592	12.3173	31.6364	14.3773	8.23693	9.60857	10.8484	13.9911	24.48	4.61609	2.84349	0	0	7.31505	4.95483	0	0	1.9897	0	3.35004	0	0	2.15291
HEMESYN2-PWY: heme b biosynthesis II (oxygen-independent)	0	1.80127	6.56473	12.1878	9.30606	9.68157	6.24385	18.2978	25.4929	15.1547	26.3728	14.6733	21.4145	25.7248	39.2862	6.39954	4.71031	0	10.4346	10.256	8.07798	8.27044	4.5359	4.8799	0	18.2996	4.02272	2.76383	2.94164
HEXITOLDEGSUPER-PWY: superpathway of hexitol degradation (bacteria)	0	5.37224	19.7097	6.03489	11.2848	10.1946	15.7161	14.6371	0	0	13.7705	0	0	34.0942	4.24429	11.7198	9.23399	0	6.39828	0	0	4.65711	0	14.9307	6.53455	11.4893	14.5332	9.78155	16.4441
HISDEG-PWY: L-histidine degradation I	0	122.825	42.6872	130.853	94.6554	114.685	105.237	121.88	165.508	115.2	173.059	181.947	218.317	182.247	182.512	74.8102	107.013	124.544	97.2123	88.9522	57.5603	77.0119	157.183	102.843	42.3824	39.7976	98.5466	81.0071	69.8873
HISTSYN-PWY: L-histidine biosynthesis	0	218.79	244.787	245.307	245.237	210.77	231.114	206.849	240.233	259.696	224.939	302.014	259.195	325.763	342.07	182.861	195.804	219.981	293.181	129.196	182.425	259.009	256.554	217.542	138.218	175.381	233.409	177.94	204.667
HOMOSER-METSYN-PWY: L-methionine biosynthesis I	0	0	0	0.910116	0	0	2.97991	0	0	9.30523	19.5521	13.9031	12.8851	22.0356	11.5025	23.2592	0	0	18.1803	0	6.33216	5.742	0	0	0	0	0.859022	0	9.83575
HSERMETANA-PWY: L-methionine biosynthesis III	0	129.486	83.7361	179.647	98.4395	165.283	79.6765	149.698	175.744	150.869	155.136	215.193	197.655	191.797	251.148	97.0849	71.9192	75.0048	91.6107	69.6161	60.1906	79.4279	60.4546	97.6904	43.5485	91.9663	96.0288	66.2461	99.7677
ILEUSYN-PWY: L-isoleucine biosynthesis I (from threonine)	0	345.267	427.991	446.455	436.495	357.563	340.191	356.183	352.864	380.888	418.757	406.548	361.012	423.352	387.716	379.449	355.749	302.383	413.748	246.427	322.975	388.052	368.26	344.735	310.064	378.143	375.813	326.174	382.165
KDO-NAGLIPASYN-PWY: superpathway of (Kdo)2-lipid A biosynthesis	0	0	0	0	0	0	0	0	0	0	0	0	0	3.85051	0	0	0	0	0	0	0	0	0	0	0	0	0	0	0
KETOGLUCONMET-PWY: ketogluconate metabolism	0	1.73731	0	3.59326	5.79162	2.37091	0	0	0	0	3.28657	1.4426	0	1.21891	0.363423	3.49506	0	0	3.27395	0	0	0	0	6.03776	0	2.83828	3.09315	0	3.40934
LACTOSECAT-PWY: lactose and galactose degradation I	0	6.81926	0	4.62641	3.0573	0	5.31692	17.7039	31.461	16.6712	28.5694	24.185	21.3262	34.3605	15.4654	48.0649	26.8375	9.9295	29.4641	17.9099	70.2303	18.2548	19.1292	25.7539	13.9837	42.2229	6.05886	1.04825	29.4359
LIPASYN-PWY: phospholipases	0	0	0	0	0	0	0	11.4917	21.1484	0	6.01784	9.94908	2.22598	0	3.29185	14.5111	5.4871	0	6.80583	0	3.86638	5.7793	4.25291	2.10715	3.58949	6.71174	1.80652	0	1.16908
MET-SAM-PWY: superpathway of S-adenosyl-L-methionine biosynthesis	0	0	0	1.75328	0	0	5.14207	0	0	16.1522	30.9779	23.1573	19.8067	39.3601	18.5888	40.2722	0	0	30.7818	0	12.1093	10.2425	0	0	0	0	1.67033	0	16.1795
METH-ACETATE-PWY: methanogenesis from acetate	0	31.1431	42.8634	25.6164	39.5625	18.9786	31.2877	15.5152	0	34.8362	30.0618	38.5323	21.5217	20.5594	23.6693	83.7264	64.7667	14.5807	43.0328	0	71.7606	45.1001	52.2273	30.9007	23.868	48.864	45.4917	57.1124	21.6287
METHGLYUT-PWY: superpathway of methylglyoxal degradation	0	0	0	0	0	0	0	0	0	0	1.25342	0	0	2.38848	0.227744	2.21273	0	0	1.83975	0	0	2.74266	0	0	0	0	0	0	0
METSYN-PWY: superpathway of L-homoserine and L-methionine biosynthesis	0	0	0	1.58943	0	0	5.17373	0	0	16.0221	33.0225	23.7188	22.0252	37.131	19.7371	39.1332	0	0	30.672	0	10.9238	9.93163	0	0	0	0	1.50031	0	16.8042
NAD-BIOSYNTHESIS-II: NAD salvage pathway III (to nicotinamide riboside)	0	0	0	0	0	0	0	0	0	0	0	0	0	4.00934	0	0	0	0	0	0	0	0	0	0	0	0	0	0	0
NAGLIPASYN-PWY: lipid IVA biosynthesis (E. coli)	0	1.53132	0	6.02835	0	12.7034	0	52.8499	72.6457	33.771	41.5178	70.4708	64.3276	112.628	109.084	0	2.72648	0	0	6.73986	0	0	3.51738	0	0	1.44906	0	1.7954	2.27792
NONMEVIPP-PWY: methylerythritol phosphate pathway I	0	236.712	237.209	235.794	233.885	213.667	194.487	220.681	284.531	273.51	291.771	332.051	350.411	369.427	379.39	310.408	306.634	276.711	269.668	261.629	218.93	288.672	346.262	233.189	137.83	221.337	233.084	193.666	218.776
NONOXIPENT-PWY: pentose phosphate pathway (non-oxidative branch) I	0	100.047	130.2	122.806	138.37	180.973	144.092	76.9584	104.597	168.893	153.915	142.945	128.297	198.578	124.749	149.345	157.489	173.452	126.162	123.783	154.974	142.812	158.617	98.5292	106.398	132.771	120.51	129.998	131.995
OANTIGEN-PWY: O-antigen building blocks biosynthesis (E. coli)	0	70.2566	97.8323	120.688	96.7708	105.292	88.682	158.99	216.364	225.677	206.804	213.073	215.855	243.884	214.756	241.368	190.723	175.683	194.771	97.4568	167.886	170.262	188.041	89.2684	82.6044	181.588	109.775	92.118	123.243
ORNARGDEG-PWY: superpathway of L-arginine and L-ornithine degradation	0	0	0	0	0	0	0	0	0	0	0	0	0	7.35508	2.79066	0	0	0	0	0	0	0	0	0	0	0	0	0	0
ORNDEG-PWY: superpathway of ornithine degradation	0	0	0	0	1.58013	0.992429	0	0	0	0	2.64713	4.01834	1.98492	17.4383	6.99354	0	0	0	1.00041	0	0	0	0	0	0	0	0	0	0
P105-PWY: TCA cycle IV (2-oxoglutarate decarboxylase)	0	0	0	0	0	0	0	16.1487	12.6071	44.7258	8.87223	14.5098	6.50782	30.0932	11.2915	15.8471	19.1898	20.649	7.92212	9.80268	0	5.27203	0	0	0	0	0	0	0
P108-PWY: pyruvate fermentation to propanoate I	0	13.1345	13.0731	18.0186	23.1205	15.958	17.3025	0	0	0	1.6405	0	0	7.88736	0.999782	13.2382	0	3.74986	7.01542	0	0	11.2758	5.42186	16.4669	4.87065	20.2107	24.7444	16.7969	26.4867
P122-PWY: heterolactic fermentation	0	2.54622	0	0	0	0	3.36507	0	0	0	12.994	12.5217	9.61731	5.81759	1.99235	3.52004	4.23721	0	5.82812	0	0	2.65331	0	3.62725	0	9.3897	3.81626	0	2.89352
P124-PWY: Bifidobacterium shunt	0	2.88899	0	0	0	0	4.25535	0	0	0	14.229	13.1291	10.0816	17.526	2.00658	31.6935	9.7711	0	9.3178	0	16.2933	8.13352	0	4.17818	7.77475	21.0665	4.27079	0	3.13388
P125-PWY: superpathway of (R,R)-butanediol biosynthesis	0	0	0	0	1.35701	0	0	0	0	0	0	0	0	0	0	5.4102	1.42057	0	3.79153	0	2.90496	0	0	1.52072	0	0	0	0	0
P161-PWY: acetylene degradation (anaerobic)	0	3.54199	3.72665	9.55042	1.07092	12.7198	8.79253	9.98868	0	33.9827	25.9416	25.0362	31.6428	49.2907	31.4482	1.32181	1.69813	6.35012	4.08217	0	0	1.06117	7.58777	4.05676	0	19.4612	2.98974	2.97902	12.4898
P163-PWY: L-lysine fermentation to acetate and butanoate	0	0	0	1.01328	0	1.1887	0	0	0	0	0	0	1.84732	0	0	0	0	0	0	0	0	0	0	2.02692	0	0	1.93394	0	1.65952
P164-PWY: purine nucleobases degradation I (anaerobic)	0	9.65274	16.4521	6.90375	12.2334	5.98856	9.25083	0	36.9362	21.4807	10.5759	13.6134	23.9534	57.3668	39.8443	8.82452	2.39862	10.8924	14.6383	8.54468	0	10.9409	9.2861	12.9764	0	1.84858	10.5261	11.8821	5.81331
P185-PWY: formaldehyde assimilation III (dihydroxyacetone cycle)	0	0	0	1.78155	0.765817	1.17706	11.3333	0	0	0	0	4.16008	2.01575	1.69371	5.73542	0	0	0	0	0	0	0.396024	0	0	0	4.53351	3.29595	2.35216	0
P221-PWY: octane oxidation	0	0	0	0	0	0	0	0	0	4.43028	2.99852	1.2109	0	6.71944	2.46286	0	0	0	0	0	0	0	0	0	0	0	0	0	0
P23-PWY: reductive TCA cycle I	0	18.4783	6.54808	38.3103	16.2362	23.5456	19.5548	0	0	0	1.22518	0	0	12.9988	0.690082	7.69017	0	12.5428	4.95651	16.055	0	5.1113	7.85116	15.0417	6.56089	10.8952	14.69	4.55406	14.4274
P4-PWY: superpathway of L-lysine, L-threonine and L-methionine biosynthesis I	0	0	0	3.25807	0	0	0	0	0	0	5.82489	4.85681	0	26.0167	1.65706	9.77795	0	0	5.27862	0	0	4.21912	0	0	0	0	3.24526	0	0
P41-PWY: pyruvate fermentation to acetate and (S)-lactate I	0	135.549	207.338	190.272	223.635	139.487	152.393	173.561	159.454	196.605	269.596	199.991	316.462	161.486	198.464	206.535	186.675	229.044	219.88	163.522	217.311	229.23	238.585	166.527	186.873	218.832	201.359	161.666	186.983
P42-PWY: incomplete reductive TCA cycle	0	40.3819	48.1521	58.6627	29.1541	57.1996	49.9403	43.6287	39.5822	40.6479	40.5137	61.7319	59.2464	75.6658	75.4162	14.2048	16.6612	24.2002	30.4816	28.906	7.87918	31.4804	33.0835	28.7583	61.3285	38.8241	27.0626	53.7031	37.6513
P441-PWY: superpathway of N-acetylneuraminate degradation	0	12.4115	13.8487	30.6191	4.32028	31.5842	25.5229	34.369	47.7134	57.2395	71.9973	69.0201	75.9212	99.0065	75.5926	5.3122	6.79984	20.3919	9.90038	0	0	4.03187	23.9104	14.9225	0	42.3593	11.2287	11.1451	32.7342
P461-PWY: hexitol fermentation to lactate, formate, ethanol and acetate	0	53.5344	90.4593	49.4548	63.3586	55.0099	60.0448	60.1749	14.2313	84.3919	80.1007	36.6693	58.1536	69.2948	44.297	42.2545	65.34	90.0942	83.0551	61.2506	40.6047	81.7606	110.121	43.6821	34.2907	26.2498	63.3816	37.912	31.1914
P621-PWY: nylon-6 oligomer degradation	0	0	0	0	0	0	0	0	0	0	0	0	0	0	0	0	0	0	0	0	0	0	0	0	0	0	0	0	0.936106
PANTO-PWY: phosphopantothenate biosynthesis I	0	156.078	99.4479	204.776	123.829	179.838	114.141	265.546	305.975	299.97	270.224	319.067	297.326	359.172	355.586	119.236	145.204	116.271	117.09	163.214	111.217	117.379	105.654	118.428	94.811	112.784	130.295	91.4475	120.45
PANTOSYN-PWY: superpathway of coenzyme A biosynthesis I (bacteria)	0	144.115	119.203	157.029	135.467	142.4	119.267	203.128	240.191	211.148	222.258	288.601	288.571	304.217	323.068	154.602	180.871	155.68	138.463	182.562	141.615	139.813	141.06	116.378	92.6673	128.388	123.907	109.922	122.325
PENTOSE-P-PWY: pentose phosphate pathway	0	20.8236	26.4767	22.3163	21.1715	24.6784	24.2241	33.5303	47.1438	39.3512	59.6816	87.9873	68.9638	120.797	87.727	56.5891	24.6685	13.7499	27.4644	19.7672	28.2756	18.8791	8.5079	23.4196	28.4712	64.3358	24.5297	24.6019	27.1008
PEPTIDOGLYCANSYN-PWY: peptidoglycan biosynthesis I (meso-diaminopimelate containing)	0	265.224	254.281	284.632	271.644	241.9	233.117	257.955	350.47	413.009	333.567	379.627	367.404	473.226	398.1	385.867	350.334	359.376	331.075	281.109	276.978	324.172	384.642	269.242	192.133	261.161	282.502	226.041	260.616
PHOSLIPSYN-PWY: superpathway of phospholipid biosynthesis I (bacteria)	0	25.8713	15.9464	48.1769	11.8921	66.9081	6.51339	57.7047	109.92	95.0573	85.9018	145.076	116.173	149.985	115.457	0	3.488	27.3355	10.3981	19.48	0	0	16.1775	36.2187	0	0	12.6039	5.43389	12.0737
POLYAMINSYN3-PWY: superpathway of polyamine biosynthesis II	0	0	0	0	4.152	1.64708	0	0	7.0777	10.7715	0	7.38005	2.0748	14.4736	12.3826	0	0	0	1.58277	0	0	0	0	0	0	0	0	0	3.42313
POLYAMSYN-PWY: superpathway of polyamine biosynthesis I	0	0	0	1.80475	4.97763	1.50895	0	0	9.84232	20.3234	0	9.64111	14.758	46.4125	15.827	0	0	0	5.35201	14.511	0	5.09299	8.26325	0	0	0	0	0	3.06116
POLYISOPRENSYN-PWY: polyisoprenoid biosynthesis (E. coli)	0	3.23776	0	4.1402	2.53125	5.33827	5.92999	0	0	4.28438	8.74918	7.84258	3.9462	17.9029	17.7077	14.6201	6.44947	0	5.5523	0	6.65498	3.71878	2.84669	0	4.27539	9.30957	3.45047	0	0
PPGPPMET-PWY: ppGpp metabolism	0	0	0	4.16206	0	6.36546	4.36717	12.3731	0	1.46718	19.3745	40.9977	33.1124	37.2813	52.4971	12.5375	4.34218	1.80974	6.49919	0	4.02808	2.23466	0	1.80126	0	1.34211	1.08129	0	4.50838
PROPFERM-PWY: superpathway of L-alanine fermentation (Stickland reaction)	0	0	2.80099	0	0	1.04071	0	0	0	0	1.33618	2.19523	5.35069	1.42115	3.78716	1.77166	0	0	7.42818	0	0	6.99353	0	0	0	3.32152	0	4.84083	3.14921
PROTOCATECHUATE-ORTHO-CLEAVAGE-PWY: protocatechuate degradation II (ortho-cleavage pathway)	0	0	0	0	0	0	0	0	0	0	0	1.62373	0	0	0	0	0	0	0	0	0	0	0	0	0	0	0	0	0
PRPP-PWY: superpathway of histidine, purine, and pyrimidine biosynthesis	0	0	0	0	0	0	0	0	0	0	0	0	0	33.35	0	0	0	0	0	0	0	0	0	0	0	0	0	0	0
PWY-1042: glycolysis IV	0	456.389	485.582	506.368	502.713	436.079	429.63	429.578	500.441	506.085	502.328	553.469	556.446	576.44	444.42	584.275	519.425	528.939	585.157	426.435	448.867	490.332	511.621	426.754	401.404	479.197	438.213	441.504	432.973
PWY-1269: CMP-3-deoxy-D-manno-octulosonate biosynthesis	0	11.9776	9.79732	33.2802	3.94507	26.9547	11.7213	31.4546	47.207	51.0744	15.09	21.4497	15.861	62.5345	37.5512	9.83872	21.0682	21.953	10.5721	28.595	10.422	10.9126	12.5943	16.0174	7.25309	7.08247	3.82842	12.4002	9.081
PWY-1861: formaldehyde assimilation II (assimilatory RuMP Cycle)	0	0	13.6628	2.87491	11.073	0	13.0491	0	0	11.7098	0	0	0	0	0	0	0	0	8.7232	0	0	9.6604	0	3.67415	0	3.26674	15.076	0	23.7152
PWY-2221: Entner-Doudoroff pathway III (semi-phosphorylative)	0	0	0	0	0	0	0	0	0	0	0	0	2.19593	0	0	0	0	0	0	0	0	0	0	0	0	0	0	0	0
PWY-241: C4 photosynthetic carbon assimilation cycle, NADP-ME type	0	11.2159	2.23203	24.7843	9.75641	10.9547	11.7636	53.3164	14.2239	26.0621	19.2316	21.0727	13.4485	41.8187	17.6785	9.465	4.91929	3.04474	8.55673	6.79778	7.09884	7.17418	10.2566	8.72759	12.7284	15.4849	10.1359	4.85284	7.37655
PWY-2941: L-lysine biosynthesis II	0	65.4847	79.8691	47.3717	42.062	63.6543	82.2482	42.8048	17.1425	21.1289	67.4555	70.3436	54.0053	33.2102	56.1052	181.219	164.774	90.48	46.1738	149.842	100.939	79.5953	144.147	48.0957	57.7298	145.433	92.9299	87.9786	37.4471
PWY-2942: L-lysine biosynthesis III	0	252.282	204.619	282.134	250.616	251.489	206.848	299.656	415.023	371.093	331.642	412.746	368.755	433.409	449.559	249.87	217.141	243.699	226.726	210.399	214.542	202.205	246.419	256.315	123.008	206.814	248.019	191.645	238.347
PWY-3001: superpathway of L-isoleucine biosynthesis I	0	99.5207	96.2239	146.074	103.344	142.07	108.929	102.435	148.633	168.449	175.727	171.811	168.752	215.006	198.9	198.782	183.301	125.205	140.222	183.9	155.365	127.951	174.999	128.501	66.5778	99.4116	126.92	122.613	80.9561
PWY-3781: aerobic respiration I (cytochrome c)	0	0	0	0	0	0	0	0	0	0	0	0	0	0	0	0.542939	0	0	0	0	0	0	0	0	0	0	0	0	0.695741
PWY-3841: folate transformations II (plants)	0	394.883	353.395	467.615	416.711	410.922	368.915	412.361	495.949	468.945	487.149	554.895	595.276	524.187	564.554	455.539	479.764	337.42	433.354	398.892	343.809	399.81	442.536	386.757	299.797	429.842	392.101	365.457	400.881
PWY-4041: &gamma;-glutamyl cycle	0	2.11682	0	2.90929	2.30261	4.98967	1.03909	9.19419	7.47149	5.54605	8.63224	16.6342	14.0862	25.5388	11.5712	0	0	3.51841	0	0	0	0	0	0	0	0	2.13617	0	3.20992
PWY-4984: urea cycle	0	5.64748	20.6213	11.3393	30.1946	11.8596	10.8477	0	11.2757	15.2734	0	24.0306	34.7193	13.2079	24.562	2.10209	4.51754	0	3.29793	19.9172	13.6908	3.62572	3.46376	11.9764	0	11.2027	15.2163	23.5448	23.0848
PWY-5005: biotin biosynthesis II	0	0	0	0	0	4.21121	0	0	0	0	0	0	0	0	0	0	0	0	0	0	0	0	0	0	0	0	0	0	0
PWY-5022: 4-aminobutanoate degradation V	0	4.95043	2.57754	5.44404	5.27305	9.87514	4.91694	22.6038	18.1091	15.985	13.0483	23.174	20.1589	44.2376	15.8646	5.36712	5.29093	0	3.53524	12.4546	5.42812	4.1769	0	1.42769	0	3.62615	3.19373	1.53134	1.3765
PWY-5030: L-histidine degradation III	0	52.4679	18.3614	59.3419	32.0141	46.6163	26.7318	71.5975	146.01	36.6403	64.4321	86.207	60.4752	79.7269	79.0423	58.0796	30.8722	23.4011	44.2216	22.3404	24.1969	41.9368	48.101	48.6421	18.1511	45.7509	27.6428	23.5747	29.2256
PWY-5097: L-lysine biosynthesis VI	0	282.01	291.963	299.298	300.271	264.618	253.681	293.689	393.901	370.036	345.378	406.171	370.895	432.332	439.56	347.25	338.965	327.12	347.059	259.995	295.694	349.388	333.693	297.495	210.47	283.816	302.977	255.046	287.946
PWY-5100: pyruvate fermentation to acetate and lactate II	0	135.549	207.338	190.272	223.635	139.487	152.393	173.561	159.454	196.605	269.596	199.991	316.462	161.486	198.464	206.535	186.675	229.044	219.88	163.522	217.311	229.23	238.585	166.527	186.873	218.832	201.359	161.666	186.983
PWY-5103: L-isoleucine biosynthesis III	0	276.563	361.051	377.349	362.798	292.811	274.482	302.214	293.5	310.3	349.373	344.744	292.77	358.606	317.375	317.425	284.778	237.362	340.212	202.725	278.844	323.884	302.359	274.539	262.718	354.11	300.45	267.158	311.83
PWY-5104: L-isoleucine biosynthesis IV	0	0	0	0	0	0	0	0	9.86804	13.6834	4.02378	2.78802	0	17.7418	4.27855	0	0	0	0	0	0	0	0	0	0	0	0	0	0
PWY-5121: superpathway of geranylgeranyl diphosphate biosynthesis II (via MEP)	0	5.35342	0	0	4.02632	8.88861	9.6033	26.048	30.7043	9.63442	23.5317	20.6624	18.1609	9.57926	76.7416	44.4659	16.4326	0	20.5616	0	12.1407	18.4386	8.10033	4.63138	14.662	37.7572	5.09772	4.8912	0
PWY-5130: 2-oxobutanoate degradation I	0	17.5233	5.24808	20.7874	13.8625	11.0444	15.2964	14.5245	14.1298	6.33276	12.0758	25.6212	24.0186	19.642	12.637	0	0	0	3.12174	20.4907	0	0	5.57698	18.8733	0	2.71029	11.5918	5.75398	6.50537
PWY-5136: fatty acid &beta;-oxidation II (plant peroxisome)	0	3.01324	1.63845	0.841584	4.98712	0.645557	3.68577	9.13791	0	10.5331	19.9887	20.1717	22.5556	50.0462	18.8616	10.3177	7.76114	6.95261	7.34881	7.97703	0	3.73841	9.50189	2.17113	0	3.12776	2.30637	0	6.07582
PWY-5138: fatty acid &beta;-oxidation IV (unsaturated, even number)	0	0	0	0	0	0	0	0	0	0	0	0	0	13.5135	1.02002	0	0	0	0	0	0	0	0	0	0	0	0	0	0
PWY-5154: L-arginine biosynthesis III (via N-acetyl-L-citrulline)	0	39.3146	28.5011	87.579	34.0031	85.8621	28.749	217.396	247.589	305.623	200.073	265.507	274.691	283.416	296.965	25.6922	19.9393	9.36672	49.9286	97.7374	30.7868	33.9548	32.6596	48.2841	19.3207	17.9608	30.5065	34.3798	24.7545
PWY-5188: tetrapyrrole biosynthesis I (from glutamate)	0	36.5381	126.579	60.8563	65.0273	36.7209	34.2898	85.2728	103.532	89.3633	94.252	95.7077	81.047	123.979	123.978	54.4167	37.7775	38.4532	60.901	33.2298	42.3437	84.3405	66.4843	40.1443	68.4245	79.3098	49.9699	46.9604	35.649
PWY-5189: tetrapyrrole biosynthesis II (from glycine)	0	1.69888	0	8.23373	3.33838	5.47291	0	27.1164	27.1806	5.22584	11.3122	11.7942	4.89583	22.8402	7.6688	22.7273	5.20709	0	11.9513	0	9.84374	13.5998	6.05653	6.60186	0	15.9263	1.14487	0	1.3423
PWY-5265: peptidoglycan biosynthesis II (staphylococci)	0	0	0	0	0	0	0	0	0	0	13.3239	11.1785	0	9.13361	11.2593	0	0	0	0	0	0	0	0	0	0	0	0	0	0
PWY-5345: superpathway of L-methionine biosynthesis (by sulfhydrylation)	0	11.0718	0	6.83073	14.7956	6.44645	0	54.4737	67.3591	43.6372	59.8671	64.6068	38.2794	117.56	36.5405	63.1176	29.2727	0	38.8841	0	25.8288	28.4181	43.0001	12.5248	21.2117	43.0334	18.2607	10.7383	22.6379
PWY-5347: superpathway of L-methionine biosynthesis (transsulfuration)	0	0	0	1.81277	0	0	5.82896	0	0	18.1054	36.4288	26.6446	24.6515	41.3559	22.2436	41.7595	0	0	31.5772	0	12.1193	10.7927	0	0	0	0	1.70473	0	16.8078
PWY-5367: petroselinate biosynthesis	0	0	0	0	0	0	0	0	0	0	0	0	0	5.7519	1.3757	4.74089	0	0	0	0	0	0	0	3.60488	0	0	0	0	3.50979
PWY-5384: sucrose degradation IV (sucrose phosphorylase)	0	8.87082	20.0096	10.7797	13.9801	14.4281	6.87329	75.6536	57.6483	111.412	65.0478	86.5721	84.7498	112.231	100.379	40.1617	16.6805	13.0357	21.57	33.3422	45.1911	15.1648	9.85367	9.92256	17.9896	37.4981	15.9199	19.4439	24.1405
PWY-5392: reductive TCA cycle II	0	2.43848	0	0	0	4.58151	5.40461	0	0	0	0	0	0	9.52727	0.656049	0	0	0	4.7354	0	0	7.77543	5.22681	4.96584	0	2.74565	0	3.46577	0
PWY-5484: glycolysis II (from fructose 6-phosphate)	0	53.4289	93.0435	101.237	55.6652	60.1958	48.407	125.952	141.494	65.4951	161.592	157.674	138.852	151.633	169.193	220.226	156.107	50.8013	102.213	84.0002	191.67	88.3951	58.9101	83.8378	107.62	223.451	113.1	95.2488	127.057
PWY-5494: pyruvate fermentation to propanoate II (acrylate pathway)	0	0	1.37622	0	0	0.479361	0	0	0	0	0.646782	2.97581	5.65679	0.661641	3.02189	1.113	0	0	4.30822	0	0	10.3498	0	0	0	1.55541	0	2.53138	1.64398
PWY-5497: purine nucleobases degradation II (anaerobic)	0	13.2947	8.03489	8.50888	5.33137	7.57284	11.5806	23.8752	27.776	21.741	23.3662	24.2977	35.7571	52.5404	46.1589	17.6519	5.57049	13.3545	22.6738	0	0	19.204	16.2731	15.5103	0	4.95599	6.81696	8.2436	4.05043
PWY-5505: L-glutamate and L-glutamine biosynthesis	0	8.93968	4.26262	20.3352	20.4573	20.2223	15.0196	44.8395	30.4297	42.8538	54.3104	45.7433	48.4748	51.4992	58.1083	13.4733	5.4387	9.52518	12.1388	0	10.6283	8.32373	8.87465	17.2534	7.52016	8.84875	21.4486	15.9543	22.66
PWY-561: superpathway of glyoxylate cycle and fatty acid degradation	0	0	0	0	0	0	0	0	0	7.45191	6.39218	2.51089	0	27.6043	9.75386	0	0	0	2.81209	0	0	0	0	0	0	0	0	0	0
PWY-5656: mannosylglycerate biosynthesis I	0	0	0	0	0	0	0	0	0	0	1.07708	0.550821	0	9.34594	0	0	0	0	0	0	0	0	0	0	0	0	0	0	0
PWY-5659: GDP-mannose biosynthesis	0	18.6281	26.385	16.0539	24.4625	24.6155	11.4714	67.3287	71.4228	60.4277	83.4885	71.4068	72.3192	81.3932	66.5771	49.0142	32.5914	36.3382	38.5315	44.8093	47.9891	34.9647	82.39	4.75928	12.5593	104.489	10.4681	25.5433	30.3632
PWY-5667: CDP-diacylglycerol biosynthesis I	0	178.975	154.199	159.764	190.342	130.339	145.948	162.267	274.944	247.353	183.612	303.541	270.81	326.606	333.58	262.142	213.31	228.29	220.168	80.6358	247.954	220.537	193.461	203.036	124.412	174.114	201.865	150.92	201.949
PWY-5675: nitrate reduction V (assimilatory)	0	0	0	1.24927	0	0	0	0	0	4.75441	2.25636	0	0	25.3214	5.50221	0	0	0	0	0	0	0	0	0	0	0	0	0	0
PWY-5676: acetyl-CoA fermentation to butanoate II	0	7.79909	6.96394	9.23533	2.75916	6.11226	10.188	58.1756	68.8558	42.4727	50.2456	69.1427	85.0893	54.112	67.6965	12.718	22.553	22.2383	6.78311	29.4199	0	10.9758	20.1253	8.85683	6.70791	23.8903	11.7531	10.761	2.64526
PWY-5677: succinate fermentation to butanoate	0	0	0	0	2.10737	2.09767	0	0	0	6.47801	3.33091	5.3911	8.03831	10.0642	7.87193	0	0	0	0	0	0	0	0	0	0	0	0	0	0
PWY-5686: UMP biosynthesis I	0	397.911	425.76	382.794	430.662	350.757	362.703	462.675	492.202	522.159	506.17	574.704	529.863	549.665	553.508	530.616	548.06	533.419	519.838	457.748	423.4	507.763	593.6	382.157	289.18	407.628	424.199	393.525	412.623
PWY-5690: TCA cycle II (plants and fungi)	0	6.83838	0	3.03903	4.63153	0	3.99696	0	0	14.8284	8.21434	8.08045	5.07829	10.2204	8.79608	2.64755	8.8088	0	6.48238	0	0	17.547	0	0	0	9.59489	4.25449	0	6.58298
PWY-5695: inosine 5'-phosphate degradation	0	96.669	143.222	125.708	103.477	101.159	98.6314	195.532	295.374	136.868	189.481	250.875	221.495	290.228	297.075	58.8567	66.63	67.2273	104.972	113.999	59.5767	86.6166	85.1012	92.6821	77.8873	141.784	95.5357	83.9423	84.2601
PWY-5705: allantoin degradation to glyoxylate III	0	0	0	0	0	0	0	0	0	0	0.731819	0	0	5.13147	0	0	0	0	0	0	0	0	0	0	0	0	0	0	0
PWY-5723: Rubisco shunt	0	0	0	1.8572	0	0	0	8.75973	11.5609	0	7.07802	2.15166	0	31.9229	5.08627	0	0	0	0	0	0	0	0	61.7304	0	0	58.8732	0	1.88797
PWY-5747: 2-methylcitrate cycle II	0	0	0	0	0	0	0	0	0	0	0	1.97567	0	9.12648	2.69466	0	0	0	0	0	0	0	0	0	0	0	0	0	0
PWY-5837: 2-carboxy-1,4-naphthoquinol biosynthesis	0	0	0	0	0	0	0	0	0	0	1.73911	0	2.28937	8.03284	2.70963	7.10347	0	0	4.50551	0	0	1.10544	0	0	0	0	0	0	1.43159
PWY-5838: superpathway of menaquinol-8 biosynthesis I	0	0	0	0	0	0	0	0	0	0	5.73589	0	7.55545	25.2999	9.05869	0	0	0	5.15969	0	0	0	0	0	0	0	0	0	4.1717
PWY-5840: superpathway of menaquinol-7 biosynthesis	0	0	0	0	0	0	0	0	0	0	5.64915	0	7.45118	22.9591	8.70634	4.79228	0	0	6.92055	0	0	1.88603	0	0	0	0	0	0	4.20111
PWY-5845: superpathway of menaquinol-9 biosynthesis	0	0	0	0	0	0	0	0	0	0	5.26847	0	7.37189	20.8123	8.75471	3.62336	0	0	0	0	0	0	0	0	0	0	0	0	3.79155
PWY-5850: superpathway of menaquinol-6 biosynthesis	0	0	0	0	0	0	0	0	0	0	0	0	0	16.366	0	0	0	0	0	0	0	0	0	0	0	0	0	0	0
PWY-5855: ubiquinol-7 biosynthesis (early decarboxylation)	0	0	0	0	0	0	0	0	0	0	0	0	0	0.594365	0.29795	0	0	0	0	0	0	0	0	0	0	0	0	0	0
PWY-5860: superpathway of demethylmenaquinol-6 biosynthesis I	0	0	0	0	0	0	0	0	0	0	0	0	0	11.1249	0	0	0	0	0	0	0	0	0	0	0	0	0	0	0
PWY-5861: superpathway of demethylmenaquinol-8 biosynthesis I	0	0	0	0	0	0	0	0	0	0	3.8712	0	5.10313	17.3841	6.10355	0	0	0	4.00149	0	0	0	0	0	0	0	0	0	2.91261
PWY-5862: superpathway of demethylmenaquinol-9 biosynthesis	0	0	0	0	0	0	0	0	0	0	3.55216	0	4.97756	14.2231	5.89662	2.54902	0	0	0	0	0	0	0	0	0	0	0	0	2.63584
PWY-5896: superpathway of menaquinol-10 biosynthesis	0	0	0	0	0	0	0	0	0	0	0	0	0	16.366	0	0	0	0	0	0	0	0	0	0	0	0	0	0	0
PWY-5897: superpathway of menaquinol-11 biosynthesis	0	0	0	0	0	0	0	0	0	0	5.10159	0	6.71766	22.8693	7.99175	4.78264	0	0	7.1766	0	0	1.77959	0	0	0	0	0	0	3.85615
PWY-5898: superpathway of menaquinol-12 biosynthesis	0	0	0	0	0	0	0	0	0	0	5.10159	0	6.71766	22.8693	7.99175	4.78264	0	0	7.1766	0	0	1.77959	0	0	0	0	0	0	3.85615
PWY-5899: superpathway of menaquinol-13 biosynthesis	0	0	0	0	0	0	0	0	0	0	5.10159	0	6.71766	22.8693	7.99175	4.78264	0	0	7.1766	0	0	1.77959	0	0	0	0	0	0	3.85615
PWY-5910: superpathway of geranylgeranyldiphosphate biosynthesis I (via mevalonate)	0	0	0	0	0	0	1.23725	0	0	0	0	0	0	0	0	6.95062	2.52641	0	0	0	0	2.00766	0	0	0	7.68975	0	0	0
PWY-5913: partial TCA cycle (obligate autotrophs)	0	7.71574	2.05545	17.7506	7.51391	9.16495	10.4078	41.4503	26.5752	27.7019	25.5706	19.8493	10.6497	32.2021	13.3859	23.5123	5.56434	11.2209	7.83992	5.66508	14.1106	12.3247	13.9019	6.83263	15.7017	44.9821	7.1716	3.96743	6.4781
PWY-5918: superpathway of heme b biosynthesis from glutamate	0	0	0	8.27205	4.00212	3.01	0	22.7936	38.4468	10.0371	14.2975	16.1116	9.27135	24.9106	15.5059	9.83786	5.3233	0	0	0	9.17639	0	0	4.16544	0	7.34166	0	0	2.33409
PWY-5920: superpathway of heme b biosynthesis from glycine	0	0	0	0	0	0	0	0	0	0	6.35152	0	0	10.8837	1.98028	0	0	0	0	0	0	0	0	0	0	0	0	0	0
PWY-5941: glycogen degradation II	0	226.228	315.918	206.118	285.418	243.253	271.637	108.777	98.4444	211.469	223.952	156.734	222.743	214.429	183.646	372.122	357.188	370.683	288.552	243.975	250.008	288.659	404.635	187.386	238.116	308.362	219.798	251.207	254.899
PWY-5971: palmitate biosynthesis (type II fatty acid synthase)	0	0	0	0	0	0	0	0	0	0	0	0	0	89.4698	25.5421	0	0	0	0	0	0	0	0	16.4101	0	0	0	0	34.5614
PWY-5972: stearate biosynthesis I (animals)	0	0	0	0	0	0	0	0	0	0	0	0	0	5.38385	1.36162	0	0	0	0	0	0	0	0	0	0	0	0	0	0
PWY-5973: cis-vaccenate biosynthesis	0	181.486	92.0619	184.171	145.754	185.946	153.318	313.177	312.103	265.764	231.314	354.342	255.529	403.708	343.042	80.067	90.6247	81.5651	116.475	105.505	131.84	99.1049	94.12	197.363	85.6819	124.636	154.464	121.619	111.181
PWY-5981: CDP-diacylglycerol biosynthesis III	0	21.5652	3.83503	14.1231	8.66274	1.73115	16.8671	28.2516	55.6379	0	24.062	30.903	13.2265	8.31134	23.1727	35.5524	23.401	17.4872	7.75295	16.6783	22.9748	22.8633	9.52267	4.31223	30.8974	96.6866	18.5008	5.09107	14.2139
PWY-5989: stearate biosynthesis II (bacteria and plants)	0	19.6273	11.1321	24.4212	16.2368	36.0366	18.9971	0	15.3934	12.4972	34.2188	6.54281	1.03997	69.6284	19.8353	6.44676	0	0	0	0	0	0	0	9.86382	6.39401	8.12908	7.50409	11.9026	20.9668
PWY-6121: 5-aminoimidazole ribonucleotide biosynthesis I	0	313.674	367.074	379.151	397.549	317.823	319.277	283.157	355.52	425.633	447.836	400.885	375.055	438.463	411.877	467.389	410.118	444.237	468.816	294.707	359.39	439.772	463.209	321.152	248.793	334.004	356.392	319.397	379.095
PWY-6122: 5-aminoimidazole ribonucleotide biosynthesis II	0	398.479	464.589	410.778	489.393	372.692	386.477	505.553	537.716	522.389	462.886	590.127	480.373	602.349	597.792	519.409	518.554	523.115	540.989	363.99	446.879	537.709	518.722	407.896	302.002	414.402	441.719	406.473	455.18
PWY-6123: inosine-5'-phosphate biosynthesis I	0	145.59	84.6194	165.056	108.519	159.487	114.764	357.366	462	337.919	353	475.087	419.877	415.85	525.048	201.157	166.271	176.22	168.145	218.477	131.063	131.105	153.099	84.2022	143.75	196.979	96.7462	121.029	184.091
PWY-6124: inosine-5'-phosphate biosynthesis II	0	128.013	72.5125	144.486	93.9807	141.041	99.9199	332.892	444.695	308.115	326.366	454.967	397.906	390.776	509.189	177.702	144.953	155.128	147.483	194.646	115.307	113.764	133.101	72.3904	128.753	175.647	83.3912	105.247	164.533
PWY-6125: superpathway of guanosine nucleotides de novo biosynthesis II	0	169.797	75.7497	222.519	107.538	198.747	116.552	306.958	260.948	295.632	233.609	278.25	211.901	288.893	244.648	65.2827	100.526	68.8507	45.8354	126.917	69.2752	63.5172	91.978	161.03	72.1136	72.9341	108.706	86.3305	71.9003
PWY-6126: superpathway of adenosine nucleotides de novo biosynthesis II	0	219.425	95.5743	279.239	141.993	248.8	155.429	370.688	333.152	365.332	299.592	349.805	276.479	361.172	317.108	92.8223	136.411	95.5276	65.0371	168.838	96.5845	87.1928	125.746	212.368	94.4985	102.523	145.332	119.426	100.433
PWY-6143: CMP-pseudaminate biosynthesis	0	13.6843	49.1453	23.5545	25.2108	16.2659	17.4582	0	0	0	0	1.50881	2.85816	0	0	0	0	0	7.60773	0	10.2794	18.0887	5.05259	13.4705	52.5609	33.4612	19.3817	20.5247	17.5446
PWY-6147: 6-hydroxymethyl-dihydropterin diphosphate biosynthesis I	0	1.24572	10.6017	14.2758	4.37695	23.6762	8.9253	40.1641	43.5787	43.9191	11.2123	32.1199	7.6022	56.2225	5.97113	13.6907	6.85789	0	2.09873	0	0	2.2824	3.50614	0	0	8.65401	3.60712	0	4.28248
PWY-6151: S-adenosyl-L-methionine salvage I	0	238.324	125.518	228.467	182.378	170.194	181.105	244.961	322.785	275.086	247.307	416.98	308.93	447.557	407.689	324.785	284.637	263.39	143.305	215.736	242.418	161.087	290.1	255.648	87.6364	228.019	214.425	151.86	255.491
PWY-6163: chorismate biosynthesis from 3-dehydroquinate	0	225.524	213.047	213.692	209.791	197.004	184.424	186.9	295.103	267.507	287.294	299.578	284.023	340.012	330.477	243.918	221.787	242.223	241.846	187.749	195.848	250.213	298.584	233.385	137.486	191.585	233.821	158.984	222.57
PWY-6168: flavin biosynthesis III (fungi)	0	0	0	0	0	0	0	0	0	39.7116	0	49.8193	25.2353	48.7792	50.9185	17.9622	27.9893	0	17.4805	0	0	0	0	0	0	0	0	0	11.2368
PWY-6185: 4-methylcatechol degradation (ortho cleavage)	0	0	0	0	0	0	0	0	0	0	0	0	0.495012	0	0	0	0	0	0	0	0	0	0	0	0	0	0	0	0
PWY-6215: 4-chlorobenzoate degradation	0	0	0	0	0	0	0	0	0	0	0	0	0.712393	0.29876	0	0	0	0	0	0	0	0	0	0	0	0	0	0	0
PWY-621: sucrose degradation III (sucrose invertase)	0	7.93465	5.87828	10.0894	9.74867	5.24613	3.57238	64.6658	81.0272	60.0562	54.6466	97.8853	76.0527	112.237	118.168	1.72196	8.15797	0	3.73164	18.1297	4.98777	2.67982	7.13436	4.8472	0	4.63005	7.00418	3.65072	4.57677
PWY-622: starch biosynthesis	0	21.9162	16.0188	54.3646	0	59.0943	0	0	0	0	5.76196	11.6586	0	19.2507	0	0	0	0	0	0	0	0	0	60.1621	0	0	8.27722	8.11293	7.75137
PWY-6270: isoprene biosynthesis I	0	20.5332	44.6876	46.1674	32.2214	36.3742	63.32	51.1236	52.1232	8.33425	47.2911	69.0276	51.2581	73.5554	42.8465	108.804	35.3919	0	52.4093	68.2789	28.0731	37.6561	10.6057	76.5381	50.2679	112.597	61.698	39.441	46.916
PWY-6277: superpathway of 5-aminoimidazole ribonucleotide biosynthesis	0	398.479	464.589	410.778	489.393	372.692	386.477	505.553	537.716	522.389	462.886	590.127	480.373	602.349	597.792	519.409	518.554	523.115	540.989	363.99	446.879	537.709	518.722	407.896	302.002	414.402	441.719	406.473	455.18
PWY-6282: palmitoleate biosynthesis I (from (5Z)-dodec-5-enoate)	0	27.2854	26.7598	28.6499	21.3456	44.0829	39.6408	0	15.8297	12.692	38.8111	6.5814	1.04095	72.8619	19.9727	0	0	0	0	0	0	0	0	11.0161	56.1606	46.0113	8.6548	39.362	27.3788
PWY-6284: superpathway of unsaturated fatty acids biosynthesis (E. coli)	0	0	0	0	0	0	0	0	0	0	0	0	0	17.97	4.14614	0	0	0	0	0	0	0	0	9.05905	0	0	0	0	12.6593
PWY-6285: superpathway of fatty acids biosynthesis (E. coli)	0	0	0	0	0	0	0	0	0	0	0	0	0	31.1979	0	0	0	0	0	0	0	0	0	12.2366	0	0	0	0	19.387
PWY-6292: superpathway of L-cysteine biosynthesis (mammalian)	0	1.8056	4.13509	2.38191	2.39336	3.11949	2.96449	6.94554	0	0	4.14367	2.0228	0	0	0.823445	14.533	11.5634	0	6.11422	0	12.6118	10.0478	6.14305	1.82709	0	15.6448	1.71036	0	4.5787
PWY-6293: superpathway of L-cysteine biosynthesis (fungi)	0	0	0	0	0	0	3.14148	0	0	0	4.55758	2.31235	0	0	0	12.6377	9.11364	0	5.65463	0	6.66274	4.2171	4.99755	0	0	9.86772	0.886014	0	0
PWY-6305: superpathway of putrescine biosynthesis	0	3.09765	0	5.68752	6.77281	2.30745	4.87006	0	6.41679	8.64329	0	5.40114	12.3422	37.6044	15.1755	0	0	0	2.20622	5.53702	0	2.17482	2.4628	4.86268	0	7.79086	0	10.1621	3.96225
PWY-6317: D-galactose degradation I (Leloir pathway)	0	184.088	201.006	221.393	248.395	176.139	181.934	110.217	110.283	162.41	159.514	127.047	152.859	128.911	139.848	181.277	160.101	211.744	185.334	129.526	164.065	204.906	188.019	185.317	167.41	199.611	182.331	167.713	210.279
PWY-6318: L-phenylalanine degradation IV (mammalian, via side chain)	0	0	0	0	0	0	0	0	0	0	0	0	0	2.26089	0.749896	0	0	0	0	0	0	0	0	0	0	0	0	0	0
PWY-6328: L-lysine degradation X	0	0	0	0	0	0	0	0	0	0	0.508298	0	0	2.12788	0	0	0	0	0	0	0	0	0	0	0	0	0	0	0
PWY-6353: purine nucleotides degradation II (aerobic)	0	28.6733	34.8656	19.9613	30.7856	17.7404	23.9328	23.6827	28.0735	36.6951	29.506	28.3855	64.5677	96.0546	75.5427	17.9223	17.6695	20.4507	28.3065	0	9.94041	28.2096	18.5402	29.5552	21.7847	7.43199	26.4181	25.1524	17.0547
PWY-6385: peptidoglycan biosynthesis III (mycobacteria)	0	203.429	225.274	239.996	225.946	192.054	180.948	229.957	319.609	295.506	296.273	339.036	324.85	448.262	362.054	357.979	280.502	307.7	294.058	208.873	233.448	294.661	338.54	222.421	160.714	232.217	247.749	169.32	224.166
PWY-6386: UDP-N-acetylmuramoyl-pentapeptide biosynthesis II (lysine-containing)	0	192.179	222.73	224.594	215.833	182.56	174.402	185.329	251.386	294.506	259.301	288.197	300.172	374.34	306.918	346.571	269.018	308.804	286.839	203.134	226.761	286.901	330.108	210.369	162.246	231.808	238.078	163.699	212.922
PWY-6387: UDP-N-acetylmuramoyl-pentapeptide biosynthesis I (meso-diaminopimelate containing)	0	253.909	240.225	266.313	255.896	230.175	221.066	236.26	330.435	396.617	308.594	357.131	344.596	458.218	377.604	370.218	331.121	349.456	313.446	271.439	261.176	307.897	370.131	256.887	180.878	251.904	271.408	212.994	248.207
PWY-6435: 4-hydroxybenzoate biosynthesis III (plants)	0	0.892642	0	0	3.10215	0	0	0	0	1.51412	7.83812	13.7624	14.5292	26.4359	10.3234	0	0	0	1.02124	0	0	0	0	1.94091	0	0	0	0	0
PWY-6470: peptidoglycan biosynthesis V (&beta;-lactam resistance)	0	4.00393	0	2.17491	0	0	0	0	0	17.7143	23.678	3.55034	11.0524	0	5.33853	16.5576	0	0	10.6167	0	0	0	0	0	0	8.76946	0	0	4.8252
PWY-6507: 4-deoxy-L-threo-hex-4-enopyranuronate degradation	0	35.7467	38.1735	28.026	37.4462	29.7039	36.0354	20.2587	40.1743	23.3377	38.397	23.6308	38.8842	70.0155	33.8078	100.099	72.6091	92.0752	54.7434	34.9777	19.6997	43.6258	69.8425	20.6231	23.565	38.944	27.5628	50.6111	29.0413
PWY-6519: 8-amino-7-oxononanoate biosynthesis I	0	11.5179	10.383	14.2673	13.0106	20.0685	7.00805	0	14.3529	13.3174	32.1949	7.74124	1.661	61.5477	22.6617	0	0	0	0	0	0	0	0	3.71732	0	17.1632	7.85424	21.9003	21.1972
PWY-6527: stachyose degradation	0	198.448	292.767	258.382	318.759	207.079	218.178	89.0042	128.831	121.579	126.537	114.672	142.459	96.6829	96.0281	270.089	218.974	209.685	272.804	111.932	245.712	302.446	207.736	213.234	248.024	285.048	210.589	219.081	255.174
PWY-6531: mannitol cycle	0	3.54264	1.86106	0	2.59634	0	2.75065	0	0	2.58811	2.06331	0	0	17.2022	9.08466	0	0	0	0	0	0	0	0	2.33243	0	1.67578	0	2.36263	1.41472
PWY-6545: pyrimidine deoxyribonucleotides de novo biosynthesis III	0	7.64368	0	0	7.20493	0	0	26.238	14.3	8.88994	16.4226	13.2009	15.304	27.1584	1.92936	50.1888	20.1496	0	19.7444	0	16.5794	6.71157	11.781	2.75577	0	11.1272	0	0	18.1147
PWY-6549: L-glutamine biosynthesis III	0	15.705	5.69877	36.4621	19.2457	21.5383	23.3309	32.898	40.0717	54.8708	42.6017	38.896	25.1401	52.6471	28.0761	30.2051	14.6404	22.342	20.7227	11.0879	21.8962	29.9605	29.5636	16.3211	27.3682	50.5607	14.9315	11.3861	18.2467
PWY-6562: norspermidine biosynthesis	0	0	0	0	0	0	0	0	0	0	0	0	0	0	0	0	0	0	0	0	0	0	0	9.79051	0	0	0	0	0
PWY-6565: superpathway of polyamine biosynthesis III	0	0	0	0	0	0	0	0	0	0	0	0	0	0	0	0	0	0	0	0	0	0	0	10.4313	0	0	0	0	0
PWY-6588: pyruvate fermentation to acetone	0	6.35562	4.33869	1.1392	5.01024	5.92159	7.06523	24.6719	8.72181	26.966	23.7618	15.0896	36.1128	16.5169	24.4934	0	9.28182	0	3.29656	0	0	10.5163	4.47839	2.01539	0	3.00043	7.01924	8.65895	10.0277
PWY-6590: superpathway of Clostridium acetobutylicum acidogenic fermentation	0	32.8426	46.0875	39.1546	42.1827	25.0331	40.4159	17.1154	0	41.1891	42.1489	35.2577	41.2674	46.3633	35.4305	22.65	46.9371	62.9581	72.7072	29.0641	39.4936	57.8487	69.7721	32.3548	38.3303	39.6355	33.211	31.7254	34.1794
PWY-6595: superpathway of guanosine nucleotides degradation (plants)	0	5.3246	2.03997	1.3765	4.09885	0	3.21236	4.55856	13.7022	2.36017	8.66337	10.6672	9.16465	14.4588	7.69929	9.04988	3.04859	0	6.40686	0	0	8.07156	0	0	0	0	6.17242	2.87682	3.83467
PWY-6606: guanosine nucleotides degradation II	0	12.663	17.8171	8.25281	13.8826	7.33303	10.7523	11.4542	16.1568	18.8319	12.0399	13.4995	29.5161	51.329	41.2026	17.6371	12.4881	8.45029	13.0656	0	17.1081	10.2259	8.46674	13.6109	10.0262	19.4625	11.996	11.723	5.73928
PWY-6607: guanosine nucleotides degradation I	0	5.95402	2.08588	1.44226	4.41402	0	3.46852	4.83798	16.1568	2.39714	10.9031	12.1856	9.86555	14.9736	7.79432	17.6371	12.4881	0	7.22689	0	17.1081	10.2259	0	0	10.0262	19.4625	7.04224	3.04622	4.65289
PWY-6608: guanosine nucleotides degradation III	0	65.2345	47.049	52.8083	62.9504	50.4048	49.6252	20.9335	22.7768	32.494	97.3037	26.3988	109.665	87.3773	63.4262	34.7904	30.1095	19.4138	51.4489	20.5852	23.4473	44.5216	34.3018	47.8717	30.9165	23.716	52.2005	44.5867	31.3758
PWY-6609: adenine and adenosine salvage III	0	405.271	399.165	378.535	428.437	322.921	372.188	396.894	505.856	463.15	460.695	543.025	538.976	540.532	573.999	538.338	496.834	537.117	514.856	361.323	399.842	470.148	566.035	416.741	265.638	440.097	416.206	391.234	385.105
PWY-6612: superpathway of tetrahydrofolate biosynthesis	0	0	0	0	0	0	0	0	0	0	3.26089	4.67948	2.24323	5.29139	0	5.34709	0	0	0	0	0	0	0	0	0	0	0	0	0
PWY-6628: superpathway of L-phenylalanine biosynthesis	0	20.4684	20.9324	35.269	12.4608	43.5999	31.0085	82.4413	124.821	92.9985	98.2723	100.463	103.22	135.331	113.711	27.2342	24.6495	23.4245	37.5695	36.2665	26.8756	53.5153	27.3066	33.6962	20.2446	60.8342	28.3903	40.1811	19.8345
PWY-6629: superpathway of L-tryptophan biosynthesis	0	146.109	129.967	125.693	129.176	133.909	123.648	70.4534	97.0954	83.6344	70.7265	96.6075	97.7732	159.03	95.4815	54.1385	51.8163	0	85.5364	34.9157	25.174	82.1281	30.1323	166.876	54.7542	109.304	156.94	86.8218	170.655
PWY-6630: superpathway of L-tyrosine biosynthesis	0	18.166	5.19504	29.7253	10.193	27.9573	19.4202	51.5788	51.719	55.999	52.8631	63.2971	72.1567	98.1911	66.7934	25.2276	21.8965	23.2571	27.8715	33.3223	20.6203	39.2286	22.8066	28.6163	11.9282	29.7636	14.7731	22.0243	18.6977
PWY-6690: cinnamate and 3-hydroxycinnamate degradation to 2-hydroxypentadienoate	0	0	0	0	0	0	0	0	0	0	1.54599	0	0	5.62965	0.930349	0	0	0	0	0	0	0	0	0	0	0	0	0	0
PWY-6700: queuosine biosynthesis I (de novo)	0	303.225	263.596	358.685	283.338	259.894	260.146	487.485	504.888	540.518	444.158	511.288	505.188	583.1	560.313	432.524	410.378	381.851	401.031	428.569	337.725	319.606	466.188	303.83	170.453	307.856	294.305	250.174	300.247
PWY-6703: preQ0 biosynthesis	0	62.8796	29.5526	103.632	35.3113	60.6486	47.3019	213.056	275.478	203.027	151.538	284.79	207.638	276.553	302.37	27.792	58.9234	31.7654	23.5944	94.163	19.3129	21.5901	37.5218	51.0984	9.50767	22.4085	43.5223	19.7123	42.5318
PWY-6731: starch degradation III	0	24.3306	29.4984	20.9233	34.2325	29.1251	15.0618	79.4581	61.9612	74.7019	67.1034	90.5682	90.3156	105.352	105.628	15.6156	26.0195	29.299	32.6517	30.9682	17.0758	37.7584	26.8747	28.3788	7.31171	14.1579	18.9539	24.4429	23.6888
PWY-6749: CMP-legionaminate biosynthesis I	0	3.70343	2.52437	2.87213	6.87969	1.7757	6.79429	0	0	0	0	3.39385	0	0	0	0	0	0	2.35842	0	0	1.86321	0	2.00427	0	2.94923	1.64394	0	3.52698
PWY-6803: phosphatidylcholine acyl editing	0	0	0	2.65548	0	0	0	18.278	0	5.76225	10.4582	2.22896	1.427	49.8142	6.4775	0	0	0	0.891436	0	0	0	0	0	0	0	0	0	0
PWY-6823: molybdopterin biosynthesis	0	28.9154	39.7889	32.9077	41.9664	30.9234	44.991	40.5426	73.0561	66.5186	56.395	38.1968	40.0254	73.4939	58.1705	62.2369	59.4361	44.2083	114.492	27.8076	43.4709	86.9074	64.5553	32.9968	13.2661	64.8742	45.7392	36.7785	31.8433
PWY-6859: all-trans-farnesol biosynthesis	0	1.97512	0	0	1.48033	3.32012	3.6054	0	0	1.70107	5.46075	0	2.18172	3.54181	10.1879	8.70748	4.07548	0	3.28331	0	4.57629	2.11402	1.87172	0	2.42663	5.11384	1.87988	0	0
PWY-6876: isopropanol biosynthesis (engineered)	0	0.996935	0	0	0	0.985416	0	0	9.2772	11.3621	4.36614	9.52158	13.3682	8.7794	10.847	0	0	0	0	0	0	3.50604	1.79126	0	0	1.5965	0	0	0
PWY-6892: thiazole component of thiamine diphosphate biosynthesis I	0	36.4788	43.221	31.9106	51.43	46.933	37.6605	50.7492	20.1474	58.6819	51.2744	38.5203	45.9445	87.1056	60.9964	81.0298	55.4492	60.4924	55.408	0	54.7065	54.9824	37.6865	28.5374	38.736	56.5701	36.2005	38.766	42.4061
PWY-6895: superpathway of thiamine diphosphate biosynthesis II	0	13.077	0	0	19.9684	0	0	0	0	0	42.0563	29.092	5.91055	150.231	33.4947	19.2811	0	0	19.9024	0	0	17.1253	0	16.8643	0	0	10.0094	21.4835	0
PWY-6897: thiamine diphosphate salvage II	0	59.0876	43.7054	37.6047	33.4735	57.2154	59.4585	106.686	30.6628	66.2675	75.5346	81.6691	94.5417	169.457	101.695	34.6901	45.2954	38.4902	36.1359	40.8979	40.1829	30.132	37.5198	33.5991	31.7	35.6363	50.6167	43.8753	49.0505
PWY-6901: superpathway of glucose and xylose degradation	0	34.698	41.854	39.3977	40.8497	37.3577	43.6641	56.5875	72.3662	51.2483	92.2598	120.789	102.795	146.557	112.809	84.0595	46.2542	25.9169	40.9072	29.6337	51.1254	36.0189	13.6978	43.0049	46.6788	90.4517	45.9908	40.9864	46.6829
PWY-6902: chitin degradation II (Vibrio)	0	2.08074	25.6369	16.0001	0	0	0	0	0	2.63348	0	0	0	2.55745	1.38996	2.40951	1.76021	0	1.03893	0	0	0	0	0	0	0	0	0	7.1391
PWY-6906: chitin derivatives degradation	0	0	0	0	0	0	0	0	0	0	4.89227	9.34092	0	0	7.31912	0	0	0	0	0	0	0	0	0	0	0	0	0	0
PWY-6922: L-N&delta;-acetylornithine biosynthesis	0	0	0	0	0	2.55348	0	0	0	0	0	0	0	2.7679	3.81478	0	0	0	0	0	0	0	0	0	0	0	0	0	0
PWY-6936: seleno-amino acid biosynthesis (plants)	0	6.59024	2.67415	6.09342	4.88377	4.15472	4.59783	14.5229	16.7234	15.8524	19.3647	18.7405	11.232	57.1307	12.8317	32.6211	9.19195	0	22.5974	0	26.0178	10.9914	6.39917	3.02017	10.0765	49.7208	7.3993	3.91175	11.3568
PWY-6953: dTDP-3-acetamido-&alpha;-D-fucose biosynthesis	0	0	1.97272	8.84618	10.7497	1.5969	0	0	0	0	0	0	0	0	0	0	0	0	0	0	0	0	0	0	0	0	3.0423	3.33834	1.88642
PWY-6961: L-ascorbate degradation II (bacterial, aerobic)	0	0	0	2.2077	0	0	0	0	0	6.86387	5.61545	6.69876	2.47646	20.2295	11.2319	3.26916	15.0215	18.4435	3.8069	0	14.7514	7.47753	0	5.66587	3.07201	5.88626	0.950721	0	0
PWY-6969: TCA cycle V (2-oxoglutarate synthase)	0	22.5459	40.7837	54.1859	28.3053	47.1897	34.5544	64.6188	95.7131	72.4037	52.5148	84.4021	65.3981	99.2091	104.349	14.3424	22.3482	21.8217	28.9429	48.2898	15.7526	25.73	32.5031	21.6865	35.0538	36.0919	16.6363	33.6531	43.5993
PWY-6992: 1,5-anhydrofructose degradation	0	0	0	0	0	0	0	0	0	0	0	16.4623	11.6658	20.4585	14.5687	0	0	0	0	0	0	0	0	0	0	0	0	0	0
PWY-7013: (S)-propane-1,2-diol degradation	0	5.04496	0	6.0713	4.36876	3.41847	0	0	22.6025	32.8973	18.1485	24.4434	24.4038	21.449	21.9377	46.803	12.5131	37.2821	11.5116	4.79503	7.4389	6.47766	12.4811	6.47812	0	8.81788	8.66399	5.36308	4.17463
PWY-702: L-methionine biosynthesis II	0	13.2594	19.49	10.9654	17.1072	14.9912	16.3527	13.6422	14.4446	12.6406	18.7073	15.7022	15.8895	30.0966	14.6603	23.1095	14.0763	17.6397	19.2706	0	21.7539	14.8949	7.45326	10.7774	13.6016	20.06	17.4102	12.4834	11.1232
PWY-7090: UDP-2,3-diacetamido-2,3-dideoxy-&alpha;-D-mannuronate biosynthesis	0	0	0	1.27667	0	1.35819	0	0	0	0	0	0	0	0	0	0	0	0	0	0	0	0	0	0	0	0	0	0	0
PWY-7094: fatty acid salvage	0	0	0	0	0	0	0	0	0	5.07458	2.38607	1.94708	0.864173	2.44969	0.346673	0	0	0	0	0	0	0	0	0	0	0	0	0	0
PWY-7111: pyruvate fermentation to isobutanol (engineered)	0	80.7392	111.235	102.043	116.266	85.8518	124.461	102.653	83.9665	169.288	172.858	142.679	172.565	297.656	186.651	222.747	129.87	158.985	114.315	15.4854	143.463	128.14	79.6107	79.3115	98.2969	174.997	109.184	101.311	113.118
PWY-7115: C4 photosynthetic carbon assimilation cycle, NAD-ME type	0	10.9373	11.9587	13.7448	6.3881	14.5301	12.8492	0	0	0	6.99211	0	4.38881	12.5833	2.4921	0	0	0	13.3094	0	0	3.74395	11.8275	17.2618	15.3487	17.8883	6.04698	18.3489	8.01701
PWY-7117: C4 photosynthetic carbon assimilation cycle, PEPCK type	0	11.7412	2.53938	26.8926	10.5087	12.1576	11.2836	53.6752	15.6792	24.8297	19.6406	19.7306	14.0412	39.2282	17.7617	10.4668	4.46646	3.33329	8.44391	6.8768	7.71693	7.06171	9.7657	9.33521	10.7723	14.6191	10.1478	5.31677	7.23032
PWY-7118: chitin deacetylation	0	0	0	0	0	0	0	0	0	8.06031	6.38568	1.2857	0	15.2082	6.25811	0	0	0	0.918888	0	0	0	0	0	0	0	0	0	0
PWY-7159: 3,8-divinyl-chlorophyllide a biosynthesis III (aerobic, light independent)	0	0	0	0	0	0	0	0	0	0	0	0	0	0	1.42371	0	0	0	0	0	0	0	0	0	0	0	0	0	0
PWY-7184: pyrimidine deoxyribonucleotides de novo biosynthesis I	0	7.68739	0	0	7.2302	0	0	26.6573	14.5425	8.92638	16.6249	13.3692	15.6596	27.8339	1.93365	50.8443	20.3516	0	19.79	0	16.601	6.71333	11.805	2.75637	0	11.181	0	0	18.3784
PWY-7185: UTP and CTP dephosphorylation I	0	0	0	0	0	0	0	0	0	5.97691	10.0677	9.12247	10.8292	2.54818	0	48.8162	14.1971	0	17.217	0	12.0912	4.67399	7.80401	0	0	4.11625	0	0	14.4377
PWY-7187: pyrimidine deoxyribonucleotides de novo biosynthesis II	0	0	0	0	0	0	0	13.922	0	0	0	0	0	12.7351	0	0	0	0	0	0	0	0	0	0	0	0	0	0	0
PWY-7197: pyrimidine deoxyribonucleotide phosphorylation	0	108.676	58.7778	99.0988	68.2931	80.1741	63.5719	133.854	132.349	132.716	141.903	149.293	123.429	130.449	124.586	38.916	66.126	42.3408	27.5559	88.1455	41.7996	41.0779	59.3995	107.079	45.7845	44.037	75.537	56.4762	40.6902
PWY-7198: pyrimidine deoxyribonucleotides de novo biosynthesis IV	0	26.9707	28.905	27.9919	22.0203	19.9922	39.7706	37.1314	65.5576	26.372	24.2263	29.6163	28.5669	55.2774	30.5269	50.4312	57.2371	15.6975	38.7439	12.291	55.6643	43.5036	38.7189	33.4678	30.0736	28.4479	24.683	28.6336	37.7441
PWY-7199: pyrimidine deoxyribonucleosides salvage	0	215.273	220.222	207.089	217.237	178.34	190.39	140.211	197.628	264.944	266.752	242.117	286.507	249.123	251.328	240.601	255.39	230.418	249.415	234.304	214.334	222.947	292.618	197.864	138.767	160.384	190.444	202.498	166.908
PWY-7204: pyridoxal 5'-phosphate salvage II (plants)	0	0	0	0	0	0	0	0	0	0	1.79768	0	0	7.0242	1.90637	0	0	0	0	0	0	0	0	0	0	0	0	0	0
PWY-7208: superpathway of pyrimidine nucleobases salvage	0	176.808	101.713	217.271	116.436	206.928	123.94	262.52	216.609	260.477	213.968	231.828	188.881	237.262	203.678	60.5233	100.455	65.5425	42.2825	125.435	64.8927	62.5489	92.9303	173.819	80.6046	70.6586	116.877	92.0626	70.5233
PWY-7209: superpathway of pyrimidine ribonucleosides degradation	0	0	0	0	0	0	0	0	0	0	2.98972	0.865275	0	0	0	4.91447	3.05794	0	0	0	0	0	0	0	0	5.05566	0	0	0
PWY-7210: pyrimidine deoxyribonucleotides biosynthesis from CTP	0	0	0	0	0	0	0	0	0	9.79986	16.0751	14.6085	16.9939	4.18951	0	47.3255	21.5145	0	19.7421	0	17.2892	7.27104	12.6917	0	0	6.34861	0	0	18.7801
PWY-7211: superpathway of pyrimidine deoxyribonucleotides de novo biosynthesis	0	0	0	0	0	0	0	0	22.305	13.3068	20.7926	19.6159	22.3148	24.1972	3.73766	7.15348	0	0	0	0	0	2.16053	0	0	0	6.14324	0	0	10.4517
PWY-7220: adenosine deoxyribonucleotides de novo biosynthesis II	0	120.055	45.2857	161.11	70.4842	143.651	79.781	242.427	197.017	221.763	170.97	205.843	153.597	214.935	179.714	43.2412	66.3951	44.7096	29.5001	87.7222	46.3318	40.6672	60.1101	115.909	46.3076	49.2091	72.8044	58.5379	48.3539
PWY-7221: guanosine ribonucleotides de novo biosynthesis	0	344.354	290.843	438.351	335.963	343.636	281.487	496.478	561.082	606.637	539.682	664.086	546.601	689.887	614.588	376.927	397.978	411.151	473.343	332.581	327.699	395.994	386.315	300.757	240.112	285.766	304.861	230.02	266.03
PWY-7222: guanosine deoxyribonucleotides de novo biosynthesis II	0	120.055	45.2857	161.11	70.4842	143.651	79.781	242.427	197.017	221.763	170.97	205.843	153.597	214.935	179.714	43.2412	66.3951	44.7096	29.5001	87.7222	46.3318	40.6672	60.1101	115.909	46.3076	49.2091	72.8044	58.5379	48.3539
PWY-7228: superpathway of guanosine nucleotides de novo biosynthesis I	0	185.032	97.8563	243.243	119.877	214.8	129.164	336.548	297.355	330.727	265.886	318.974	244.767	330.195	282.982	78.8893	116.21	81.9593	56.0069	143.333	82.6666	74.7671	106.446	175.143	79.8027	86.1718	121.3	97.3476	84.2304
PWY-7229: superpathway of adenosine nucleotides de novo biosynthesis I	0	259.712	122.684	328.285	175.15	284.466	190.9	431.424	417.709	440.385	375.786	439.103	357.2	450.383	409.147	135.615	180.112	133.883	96.7115	213.021	136.333	119.226	166.995	252.641	114.961	143.1	180.527	153.199	137.696
PWY-7234: inosine-5'-phosphate biosynthesis III	0	0	18.3314	4.26815	10.622	6.90535	10.7937	0	15.649	17.5876	68.9685	19.0084	46.1501	87.6133	72.5932	38.6956	25.8854	6.25799	16.713	0	41.2284	4.03529	13.0317	17.1615	18.5168	34.6611	19.478	24.1759	20.5487
PWY-7237: myo-, chiro- and scyllo-inositol degradation	0	68.9441	97.747	73.5969	77.9129	72.2966	75.1435	0	0	0	60.7365	0	0	0	72.5381	104.027	89.7239	84.4223	104.128	58.0145	105.042	90.8774	105.737	73.7933	58.3852	53.1694	74.4422	68.8463	56.8392
PWY-7238: sucrose biosynthesis II	0	407.135	484.907	348.828	480.912	294.163	403.871	117.877	124.886	222.02	273.719	194.905	303.004	272.596	230.422	522.401	519.89	458.461	498.426	330.908	347.95	536.111	557.551	464.691	301.213	321.569	497.808	337.547	530.217
PWY-7242: D-fructuronate degradation	0	36.1515	39.1938	28.0501	38.0084	29.9008	36.5986	19.7958	40.4752	23.0539	33.3664	22.0936	47.9195	48.3706	32.1766	109.628	78.9968	93.9623	56.0638	36.2161	20.169	44.2696	76.4582	22.5634	24.1917	45.5345	27.8536	52.3246	29.3361
PWY-724: superpathway of L-lysine, L-threonine and L-methionine biosynthesis II	0	203.149	209.413	225.552	238.979	195.368	191.974	213.321	296.853	271.728	247.717	307.777	289.54	339.821	352.577	218.557	212.539	196.139	224.004	203.25	172.474	218.564	232.749	197.201	129.039	201.188	218.213	176.439	179.5
PWY-7254: TCA cycle VII (acetate-producers)	0	6.36811	4.54051	25.1417	0	15.1343	7.45889	24.053	0	5.35027	10.8812	4.72462	11.4995	41.4348	22.8874	0	0	0	0	11.7919	0	0	0	8.5394	0	0	3.83444	0	0
PWY-7269: mitochondrial NADPH production (yeast)	0	0	0	0	0	0	0	0	0	0	0	0	0	5.17302	0	0	0	0	0	0	0	0	0	0	0	0	0	0	0
PWY-7282: 4-amino-2-methyl-5-diphosphomethylpyrimidine biosynthesis II	0	0	0	0	0	0	0	0	0	0	10.4603	9.35655	23.1293	28.5622	23.8859	0	0	0	0	0	0	0	0	0	0	0	0	0	22.9971
PWY-7312: dTDP-&beta;-D-fucofuranose biosynthesis	0	0	0	0	0	3.06747	0	0	30.695	0	9.43518	18.5723	11.1801	7.52263	12.2071	3.61173	4.6667	11.6659	8.17571	0	0	5.85908	6.83596	0	0	0	0	0	0
PWY-7315: dTDP-N-acetylthomosamine biosynthesis	0	70.4044	154.489	104.998	138.992	59.5738	60.728	0	0	0	2.68453	1.79276	2.9269	7.61776	1.17866	17.3341	47.5037	30.9889	91.897	0	20.6703	120.157	70.5413	78.7015	155.451	99.7639	87.686	74.7205	56.9422
PWY-7316: dTDP-N-acetylviosamine biosynthesis	0	0	0	0	0	0	0.95118	0	0	0	0	1.79334	3.39105	7.12302	3.9445	0	0	0	0	0	0	4.33227	0	0	0	0.834218	1.98575	2.15474	2.76718
PWY-7323: superpathway of GDP-mannose-derived O-antigen building blocks biosynthesis	0	16.8987	11.0146	14.0991	15.2802	22.9448	11.874	39.5941	70.6368	37.1675	50.9266	68.1332	59.251	76.5115	70.7987	27.6083	23.2247	0	13.7133	39.9802	27.0518	18.3401	54.5201	4.83883	7.09582	102.115	8.59497	22.2934	19.8658
PWY-7328: superpathway of UDP-glucose-derived O-antigen building blocks biosynthesis	0	64.6778	82.2332	67.5412	72.1746	77.1989	82.9948	74.4015	45.1869	81.1011	115.966	93.3551	107.627	122.531	98.6287	141.902	114.609	110.714	112.986	54.793	86.2092	92.3017	111.061	61.1751	99.9824	144.444	72.3131	106.465	65.5777
PWY-7332: superpathway of UDP-N-acetylglucosamine-derived O-antigen building blocks biosynthesis	0	8.15022	0	8.45745	3.18703	3.46005	1.32013	0	0	0	0	0	0	0	0	0	0	0	2.44602	0	0	0	0	0	0	3.18654	7.2561	0	1.58182
PWY-7340: 9-cis, 11-trans-octadecadienoyl-CoA degradation (isomerase-dependent, yeast)	0	0	0	0	0	0	0	0	0	0	0	0	0	8.37254	0.596854	0	0	0	0	0	0	0	0	0	0	0	0	0	0
PWY-7345: superpathway of anaerobic sucrose degradation	0	24.8732	19.0899	38.1549	22.8077	18.6188	14.8285	113.245	118.562	62.4087	112.983	134.285	122.512	134.989	136.137	7.06223	25.0727	0	7.74893	65.4882	12.4077	5.39318	21.2516	20.4026	0	18.071	21.2852	12.4654	17.7395
PWY-7356: thiamine diphosphate salvage IV (yeast)	0	23.871	12.2664	16.3971	22.9241	16.1348	15.152	6.79657	0	7.19074	8.02683	14.6276	24.515	16.5448	10.1049	21.6283	26.6671	20.2582	27.6191	11.6675	21.4861	28.474	21.9304	15.6343	2.15449	10.9359	20.1769	11.6669	23.6766
PWY-7357: thiamine phosphate formation from pyrithiamine and oxythiamine (yeast)	0	51.3752	50.854	30.8254	30.5284	46.9691	53.4278	89.4226	26.8681	57.4595	65.4681	70.7267	80.3041	140.03	86.1976	53.7308	51.4862	49.9356	49.0479	36.6936	43.6418	53.5907	38.0828	29.2111	37.4762	41.879	49.3292	40.1347	53.2099
PWY-7371: 1,4-dihydroxy-6-naphthoate biosynthesis II	0	6.27447	3.2181	11.2303	2.95436	7.21693	13.5437	11.2194	20.2774	16.5836	3.48597	7.06084	2.24047	4.9467	0	0	7.8237	7.77345	3.94864	10.2339	0	1.91362	6.91904	9.28647	6.36611	19.8356	10.7978	7.05096	5.84339
PWY-7383: anaerobic energy metabolism (invertebrates, cytosol)	0	50.6812	37.729	75.7609	65.0894	48.3016	57.8749	30.9691	47.1621	12.9437	65.2955	49.4094	72.4801	34.6152	50.6786	43.5817	61.7536	25.6182	33.1651	41.758	59.2284	45.2193	41.5567	65.9913	30.8223	34.9164	55.0963	59.263	40.5619
PWY-7384: anaerobic energy metabolism (invertebrates, mitochondrial)	0	0	0	0	0	0	0	0	0	0	0	0	0	1.24723	0.375744	0	0	0	0	0	0	0	0	0	0	0	0	0	0
PWY-7385: 1,3-propanediol biosynthesis (engineered)	0	2.63619	0	0	0	2.26502	0	0	0	3.88087	2.65839	3.03942	1.36329	18.7817	3.41539	0	0	0	0	0	0	0	0	0	0	0	0	0	0
PWY-7388: octanoyl-[acyl-carrier protein] biosynthesis (mitochondria, yeast)	0	9.72147	5.24511	20.6462	0	18.6479	7.68194	0	0	0	0	2.61268	1.49361	4.53692	5.99635	0	0	0	0	0	0	0	0	10.3577	0	0	2.17133	0	2.65766
PWY-7389: superpathway of anaerobic energy metabolism (invertebrates)	0	0	0	0	0	0	0	0	0	0	0	0	0	1.92471	0.565375	0	0	0	0	0	0	0	0	0	0	0	0	0	0
PWY-7392: taxadiene biosynthesis (engineered)	0	4.21468	0	0	3.11136	7.07575	7.57729	0	0	4.68515	13.6823	0	5.85056	5.83118	27.0052	21.7069	10.0535	0	8.63395	0	10.156	5.86413	5.17295	0	6.18138	13.2099	3.83465	0	0
PWY-7400: L-arginine biosynthesis IV (archaebacteria)	0	162.614	167.081	160.323	188.389	152.638	160.778	223.413	233.955	193.095	257.806	269.681	264.087	296.327	285.352	155.405	131.279	71.1764	246.172	133.119	160.251	190.107	86.154	137.505	111.59	109.918	172.515	171.854	150.054
PWY-7409: phospholipid remodeling (phosphatidylethanolamine, yeast)	0	0	0	0	0	0	0	0	0	0	1.56816	0	0	0	0	0	0	0	0	0	0	0	0	0	0	0	0	0	0
PWY-7434: terminal O-glycans residues modification (via type 2 precursor disaccharide)	0	5.48462	0	4.63114	1.36576	3.79142	1.71699	0	12.167	0	1.56171	3.77898	3.14058	1.61508	1.60224	0	0	0	0	0	0	0	0	2.3966	0	0	2.05662	1.12527	0.685916
PWY-7446: sulfoquinovose degradation I	0	0	0	0	0	0	0	0	0	0	0	0	0	3.79304	0.581238	0	0	0	0	0	0	0	0	0	0	0	0	0	0
PWY-7456: &beta;-(1,4)-mannan degradation	0	11.6543	15.795	11.8327	19.2922	23.0578	0	63.9326	65.7204	60.3946	72.3179	70.2553	66.1663	65.4907	65.8746	0	5.19249	14.939	13.1302	34.2981	14.8451	0	30.0175	0	0	6.43197	6.7826	6.03319	15.5623
PWY-7560: methylerythritol phosphate pathway II	0	18.0884	39.6298	40.9486	28.4569	45.1669	56.6531	45.6343	46.2955	87.8462	41.934	61.4497	45.4407	128.112	37.844	98.0987	31.2517	0	46.4918	61.2371	24.8365	33.2864	9.30646	68.724	45.0311	102.58	55.0596	34.998	41.7135
PWY-7616: methanol oxidation to carbon dioxide	0	0	0	0	0	0	0	0	0	0	0	0	0	0.619617	0.525282	0	0	0	0	0	0	0	0	0	0	0	0.570985	0	0
PWY-7663: gondoate biosynthesis (anaerobic)	0	157.426	77.6472	159.007	125.182	160.926	132.182	278.362	272.652	235.394	205.823	318.416	224.258	362.261	303.513	69.1635	77.0569	70.5912	101.32	90.242	119.953	84.1697	80.9803	171.967	72.3758	107.856	133.143	104.329	94.3881
PWY-7664: oleate biosynthesis IV (anaerobic)	0	31.2118	34.8381	32.7384	26.7487	56.4568	48.882	0	18.3429	14.7176	44.251	7.65862	1.2138	82.7917	23.1217	0	0	0	0	0	0	0	0	12.862	63.5681	53.7918	11.8553	48.182	33.2349
PWY-7688: dTDP-&alpha;-D-ravidosamine and dTDP-4-acetyl-&alpha;-D-ravidosamine biosynthesis	0	2.76554	10.6506	15.6852	22.4882	2.71994	0	0	0	0	0	0	0	0	0	0	0	0	0	0	0	0.941223	0	2.81488	9.67518	7.04323	15.7236	4.12755	2.62438
PWY-7761: NAD salvage pathway II (PNC IV cycle)	0	5.36197	4.8795	1.93047	7.86223	5.89303	14.2016	17.2906	47.1745	31.9161	18.6289	31.8571	24.2165	45.5913	31.5913	4.34003	9.6277	0	0	8.08676	0	3.66198	0	4.68835	4.2307	18.7199	8.03788	13.7005	14.6507
PWY-7783: plasmalogen degradation	0	0	0	0	0	0	0	0	0	0	2.15867	2.26804	0.362781	0	0	0	0	0	0	0	0	0	0	0	0	0	0	0	0
PWY-7790: UMP biosynthesis II	0	397.911	425.76	382.794	430.662	350.757	362.703	462.675	492.202	522.159	506.17	574.704	529.863	549.665	553.508	530.616	548.06	533.419	519.838	457.748	423.4	507.763	593.6	382.157	289.18	407.628	424.199	393.525	412.623
PWY-7791: UMP biosynthesis III	0	397.911	425.76	382.794	430.662	350.757	362.703	462.675	492.202	522.159	506.17	574.704	529.863	549.665	553.508	530.616	548.06	533.419	519.838	457.748	423.4	507.763	593.6	382.157	289.18	407.628	424.199	393.525	412.623
PWY-7820: teichuronic acid biosynthesis (B. subtilis 168)	0	1.03262	0	2.07691	2.05142	4.35074	0	0	0	0	0	0	0	0	0	0	0	0	0	0	0	0	0	0	0	0	2.05137	0	2.69548
PWY-7851: coenzyme A biosynthesis II (eukaryotic)	0	129.935	134.183	119.392	133.897	110.996	114.217	104.011	175.786	116.474	160.576	176.275	206.229	182.703	177.442	223.671	206.657	223.617	168.605	226.244	153.8	198.363	266.42	103.915	85.3066	166.998	114.668	117.944	111.609
PWY-7858: (5Z)-dodecenoate biosynthesis II	0	18.93	24.3792	17.5196	17.0445	38.6469	33.4433	0	0	0	2.28917	1.74838	0	9.9475	0	0	0	0	0	0	0	0	0	7.57709	49.1619	37.1721	7.45125	33.71	21.937
PWY-7874: L-threonate degradation	0	0	0	0	0	0	0	0	0	0	0	0	0	1.9245	0	0	0	0	0	0	0	0	0	0	0	0	0	0	0
PWY-7883: anhydromuropeptides recycling II	0	0	0	0	0	0	0	0	7.38988	6.25445	20.8428	7.29061	27.3078	17.3443	40.0491	0	0	0	0	0	0	0	0	0	0	0	0	0	2.4618
PWY-7942: 5-oxo-L-proline metabolism	0	0	0	1.64917	0	0	0	0	3.8801	0	4.94466	3.37519	0	6.56923	3.96215	0	0	0	0	0	0	0	0	0	0	0	0	0	0
PWY-7953: UDP-N-acetylmuramoyl-pentapeptide biosynthesis III (meso-diaminopimelate containing)	0	177.262	205.879	210.172	200.606	168.855	157.847	172.86	232.138	258.36	248.493	274.163	292.114	341.422	295.022	348.269	251.251	298.312	276.579	189.47	214.556	280.485	316.593	195.167	147.434	221.452	223.632	148.472	202.756
PWY-7977: L-methionine biosynthesis IV	0	106.566	66.6165	157.627	79.603	145.715	59.7728	216.295	318.317	205.167	170.056	310.934	251.008	296.288	362.099	88.6131	59.0855	65.4313	70.1642	63.3188	52.535	61.1793	45.0767	77.297	33.1195	83.2906	74.914	52.5548	79.78
PWY-7992: superpathway of menaquinol-8 biosynthesis III	0	10.7875	0	13.6394	5.35667	12.8214	9.24549	21.6111	38.8875	27.2605	8.50238	16.9182	5.7133	12.4174	0	0	5.32817	0	3.93077	12.8155	0	0	5.73068	4.90197	0	0	8.80236	6.26606	9.18493
PWY-8004: Entner-Doudoroff pathway I	0	19.0992	29.8884	23.5778	22.1819	20.2679	23.5527	32.9326	35.3492	21.3087	50.7337	80.9921	67.5506	87.146	76.7655	50.8468	18.3413	9.97493	16.0632	19.0425	23.7663	14.4699	6.57199	20.7929	35.3513	70.658	24	28.7588	29.3268
PWY-801: homocysteine and cysteine interconversion	0	0	0	0	0	0	1.894	0	0	0	2.75876	1.39345	0	0	0	7.79027	5.56916	0	3.42059	0	4.0751	2.54716	3.02112	0	0	6.05626	0.532324	0	0
PWY-8073: lipid IVA biosynthesis (P. putida)	0	1.53132	0	6.02835	0	12.7034	0	52.8499	72.6457	33.771	41.5178	70.4708	64.3276	112.628	109.084	0	2.72648	0	0	6.73986	0	0	3.51738	0	0	1.44906	0	1.7954	2.27792
PWY-8086: (S)-lactate fermentation to propanoate, acetate and hydrogen	0	0	0	0	0	0	0	0	0	0	0	0	0	4.62243	0.486721	0	0	0	0	0	0	0	0	0	0	0	0	0	0
PWY-8131: 5'-deoxyadenosine degradation II	0	1.94326	0	8.19584	0	2.56572	12.5384	20.8502	48.5111	31.5081	14.1679	28.4906	24.2704	57.613	38.726	13.4054	10.4808	11.3268	4.2808	15.7927	0	1.78761	0	0	10.0575	6.4242	1.82664	3.16079	1.68348
PWY-8178: pentose phosphate pathway (non-oxidative branch) II	0	152.541	172.586	173.447	198.057	239.134	200.419	124.958	164.189	226.998	213.9	214.606	197.683	275.851	176.788	216.229	228.174	249.317	186.903	186.521	208.111	199.926	238.569	147.34	136.491	175.962	172.796	176.305	180.648
PWY-8182: valproate &beta;-oxidation	0	2.78966	1.76122	0.968472	5.49635	0.690689	3.90464	7.02925	0	0	14.3872	6.57972	3.05594	0	4.02533	0	0	0	3.93471	0	0	2.4712	0	2.52077	0	3.4716	2.66212	0	6.4888
PWY-8187: L-arginine degradation XIII (reductive Stickland reaction)	0	84.8959	114.21	61.5232	102.321	61.3021	93.5002	36.1739	45.5207	56.7585	77.3554	43.6492	57.552	54.8415	48.3172	106.981	79.4625	113.543	94.3615	47.2316	65.1769	108.164	107.512	78.6997	49.8543	60.3238	85.2038	71.8756	66.4396
PWY-8188: L-alanine degradation VI (reductive Stickland reaction)	0	0	2.80099	0	0	1.04071	0	0	0	0	1.33618	2.19523	5.35069	1.42115	3.78716	1.77166	0	0	7.42818	0	0	6.99353	0	0	0	3.32152	0	4.84083	3.14921
PWY-8189: L-alanine degradation V (oxidative Stickland reaction)	0	0	2.80099	0	0	1.04071	0	0	0	0	1.33618	2.19523	5.35069	1.42115	3.78716	1.77166	0	0	7.42818	0	0	6.99353	0	0	0	3.32152	0	4.84083	3.14921
PWY-8190: L-glutamate degradation XI (reductive Stickland reaction)	0	0	0	0	0	0	0	0	0	0	0.89642	0	0	2.21185	0.419778	0	0	0	0	0	0	0	0	0	0	0	0	0	0
PWY-821: superpathway of sulfur amino acid biosynthesis (Saccharomyces cerevisiae)	0	3.00982	0	0	0	0	0	0	0	0	5.68459	9.03169	4.36319	30.3177	10.1236	9.47688	10.0056	0	7.62926	0	0	16.7217	26.0535	0	0	8.91176	2.98916	5.80316	5.14454
PWY-822: fructan biosynthesis	0	0	0	0	0	0	0	0	0	0	0	1.12908	0	0	0	1.88131	0	0	1.24263	0	2.72206	0.831616	0	0	0	0	0.382253	0	0
PWY-841: superpathway of purine nucleotides de novo biosynthesis I	0	191.09	104.988	229.816	139.706	208.393	145.91	318.5	323.772	350	309.473	351.452	293.032	355.465	332.387	114.591	150.516	116.441	84.5351	178.005	111.388	105.235	142.382	147.742	107.913	122.389	134.196	127.258	119.337
PWY-922: mevalonate pathway I (eukaryotes and bacteria)	0	0	0	0	0	0	0.991031	0	0	0	0	2.05742	0	0	0	6.09971	2.08685	0	0	0	0	1.765	0	0	0	9.58308	0	0.956365	1.26522
PWY-I9: L-cysteine biosynthesis VI (from L-methionine)	0	27.2393	31.1691	22.4597	35.3525	29.3182	46.2064	34.3201	16.3869	27.7818	59.5505	40.6159	39.4647	49.664	38.3735	39.9923	26.5329	46.03	44.1233	9.62558	8.6649	38.1066	27.7375	24.666	34.4506	22.2569	35.2917	25.7455	35.4682
PWY0-1061: superpathway of L-alanine biosynthesis	0	11.2868	15.3818	11.1285	5.12348	17.2823	16.6927	0	0	0	5.2158	0	3.07923	10.2099	1.6156	0	0	0	19.2129	0	0	2.89307	14.4134	21.4785	25.5212	28.0101	5.04451	27.2325	8.9773
PWY0-1221: putrescine degradation II	0	0	0	0	0	0	0	0	0	0	0	0	0	2.84763	0.221876	0	0	0	0	0	0	0	0	0	0	0	0	0	0
PWY0-1241: ADP-L-glycero-&beta;-D-manno-heptose biosynthesis	0	47.0492	8.1005	23.163	24.818	20.1795	50.8092	23.252	42.4046	20.3527	12.3211	20.4677	13.1273	32.7448	33.3539	4.12788	5.95782	8.38851	1.41644	14.839	0	0	4.49145	66.3027	29.4615	10.4887	27.7877	20.5908	43.943
PWY0-1261: anhydromuropeptides recycling I	0	2.72809	0	8.76731	5.92458	9.42189	1.60988	5.86941	7.57435	33.2628	27.1427	7.69656	33.6342	36.0348	42.7722	0	0	0	3.61919	5.43526	0	4.55588	0	2.85583	0	1.94236	1.74118	1.77237	12.0379
PWY0-1277: 3-phenylpropanoate and 3-(3-hydroxyphenyl)propanoate degradation	0	0	0	0	0	0	0	0	0	0	2.02159	0	0	11.6366	2.63933	0	0	0	0	0	0	0	0	0	0	0	0	0	0
PWY0-1296: purine ribonucleosides degradation	0	254.148	348.303	247.047	325.394	228.003	235.323	145.417	177.291	242.81	212.984	168.81	203.2	258.628	165.32	460.355	437.447	331.464	345.414	369.313	324.382	347.964	406.99	319.575	240.855	375.787	305.846	273.193	332.941
PWY0-1297: superpathway of purine deoxyribonucleosides degradation	0	5.51925	15.0998	15.413	10.5715	21.6023	13.751	15.7283	8.52044	55.5656	40.868	39.9543	49.9085	72.2657	47.6911	13.6976	13.7224	27.005	9.65465	0	6.82289	23.8859	12.5167	9.7085	17.7577	30.7878	5.67502	13.6334	20.4572
PWY0-1298: superpathway of pyrimidine deoxyribonucleosides degradation	0	5.29456	5.56062	10.2155	1.74932	9.49934	11.2719	12.6294	16.9919	17.8406	22.6412	18.6002	19.4914	50.9161	16.0632	8.97728	12.3394	5.92686	23.3635	0	7.06607	26.338	17.7645	12.2159	8.22943	18.6131	4.357	3.98597	17.0834
PWY0-1319: CDP-diacylglycerol biosynthesis II	0	178.975	154.199	159.764	190.342	130.339	145.948	162.267	274.944	247.353	183.612	303.541	270.81	326.606	333.58	262.142	213.31	228.29	220.168	80.6358	247.954	220.537	193.461	203.036	124.412	174.114	201.865	150.92	201.949
PWY0-1337: oleate &beta;-oxidation	0	0	0	0	0	0	0	0	0	0	0	0	0	2.79496	0.368054	0	0	0	0	0	0	0	0	0	0	0	0	0	0
PWY0-1338: polymyxin resistance	0	0	0	0	0	0	0	0	0	0	1.44802	0	0	2.84258	0.506532	0	0	0	0	0	0	0	0	0	0	0	0	0	0
PWY0-1415: superpathway of heme b biosynthesis from uroporphyrinogen-III	0	0	0	0	0	0	0	0	20.7508	14.5223	10.6975	8.43963	3.5596	16.8402	8.6739	4.85181	3.05117	0	0	0	0	0	0	3.00945	0	5.79708	0	0	0
PWY0-1477: ethanolamine utilization	0	22.3763	24.2449	16.9378	26.0119	28.9696	18.8738	61.4545	54.5788	151.199	141.416	113.189	155.355	109.721	143.235	101.269	98.193	37.6596	28.6352	32.4147	48.1613	37.962	95.6033	13.0312	7.66085	130.982	18.2402	39.2106	29.7436
PWY0-1479: tRNA processing	0	0	0	0	0	0	0	0	9.22689	26.4035	43.1555	11.8248	33.3324	41.6458	50.9444	0	0	0	1.41924	0	0	0	0	0	0	0	13.4818	0	9.97286
PWY0-1586: peptidoglycan maturation (meso-diaminopimelate containing)	0	54.0522	34.7435	55.5578	48.4591	68.5825	42.9079	56.3802	149.226	102.342	132.348	142.396	134.523	250.916	188.562	29.795	34.2235	20.0788	35.2857	21.0874	39.2377	31.2874	30.5857	60.4966	33.4042	62.3518	49.2419	32.2833	31.5974
PWY0-162: superpathway of pyrimidine ribonucleotides de novo biosynthesis	0	7.1357	0	31.0934	0	14.9222	7.65293	14.9607	55.8682	36.6096	53.5233	37.956	42.4216	73.2852	66.7731	4.32085	0	17.6028	0	38.6197	0	1.37663	27.2715	11.5851	10.6442	5.11994	5.78069	0	26.4486
PWY0-166: superpathway of pyrimidine deoxyribonucleotides de novo biosynthesis (E. coli)	0	8.50255	0	0	8.00894	0	0	28.7054	15.9282	9.78504	18.2816	8.61741	8.32791	30.0157	2.14455	14.3258	13.3855	0	3.40476	0	14.2764	4.45848	0	3.0574	0	12.3313	0	0	7.3437
PWY0-301: L-ascorbate degradation I (bacterial, anaerobic)	0	0	0	1.91	0	0	0	0	0	5.8169	5.94862	6.60806	2.11583	18.4859	12.113	2.66142	18.9117	19.2625	3.22114	0	13.1463	6.62311	0	5.32675	2.99197	5.00078	0.776948	0	0
PWY0-41: allantoin degradation IV (anaerobic)	0	0	0	0	0	0	0	0	0	0	0	0	0	0.520061	0	0	0	0	0	0	0	0	0	0	0	0	0	0	0
PWY0-42: 2-methylcitrate cycle I	0	0	0	1.18931	0	0	0	0	5.32981	0	2.09908	6.74564	3.2752	12.1981	5.29268	0	0	0	0	0	0	0	0	0	0	0	0	0	0
PWY0-781: aspartate superpathway	0	0	0	3.34783	0	0	0	0	0	0	6.07128	5.06993	0	26.9466	1.74173	10.2367	0	0	5.53469	0	0	4.38435	0	0	0	0	3.35684	0	0
PWY0-845: superpathway of pyridoxal 5'-phosphate biosynthesis and salvage	0	0	0	0	0	0	0	0	0	0	4.92132	4.37919	12.4454	14.2029	12.896	0	0	0	0	0	0	0	0	0	0	0	0	0	12.4056
PWY0-862: (5Z)-dodecenoate biosynthesis I	0	27.6665	61.5355	28.9439	33.4119	87.6533	63.5111	0	15.8852	12.737	39.1781	6.58821	1.04123	73.6129	20.048	0	0	5.17825	1.60443	9.17669	0	3.89806	0	11.4481	70.0497	58.1137	23.1166	62.7248	38.5399
PWY1G-0: mycothiol biosynthesis	0	2.72524	0	2.0309	0	3.04528	1.16641	0	0	0	0	0	0	0	0	0	0	0	0.740887	0	0	0	0	0	0	2.72847	0	0	1.14066
PWY1ZNC-1: assimilatory sulfate reduction IV	0	4.22305	0	2.53876	8.01881	2.39984	0	0	0	0	0	2.99122	1.37334	12.7506	4.00748	0	3.86642	0	2.56907	13.8451	0	7.33494	17.1185	0	0	2.9291	7.84232	2.87471	1.82048
PWY3O-4107: NAD salvage pathway V (PNC V cycle)	0	0	0	1.00277	0	0	0	0	0	0	0	0	0	17.4763	1.1254	5.71511	0	0	2.12016	0	8.75651	0	0	0	0	0	0	0	0
PWY4FS-7: phosphatidylglycerol biosynthesis I (plastidic)	0	24.578	10.0167	40.2322	19.3506	53.6493	14.8978	78.7115	70.0363	81.2458	79.9926	92.7937	71.4553	94.2748	72.5151	39.8579	45.7714	17.887	10.2874	10.8547	30.6252	15.0894	26.2651	27.6916	13.0932	22.2542	22.4914	9.8173	7.48896
PWY4FS-8: phosphatidylglycerol biosynthesis II (non-plastidic)	0	24.578	10.0167	40.2322	19.3506	53.6493	14.8978	78.7115	70.0363	81.2458	79.9926	92.7937	71.4553	94.2748	72.5151	39.8579	45.7714	17.887	10.2874	10.8547	30.6252	15.0894	26.2651	27.6916	13.0932	22.2542	22.4914	9.8173	7.48896
PWY4LZ-257: superpathway of fermentation (Chlamydomonas reinhardtii)	0	4.38216	4.63557	11.8423	1.3381	13.5007	10.6242	12.4312	0	13.4609	29.2746	26.2724	24.4466	39.6592	26.1763	1.64222	2.10194	7.75819	5.05357	0	0	1.31751	6.02934	5.03972	0	22.9573	3.71878	3.71255	15.2694
PWY66-367: ketogenesis	0	5.95975	0	1.186	3.10117	0	1.93625	0	0	5.31056	1.63626	2.55408	2.66657	2.39094	4.53086	1.61826	0	0	0	0	5.75576	1.83219	0	0	0	0	0	0	3.22204
PWY66-389: phytol degradation	0	4.77982	3.76582	7.15987	2.15961	4.36021	5.95242	24.8808	22.7765	5.44459	4.33022	9.55467	3.74738	17.2926	4.31076	0	0	0	0	7.29154	0	0	0	1.86878	0	0	0	0	0
PWY66-391: fatty acid &beta;-oxidation VI (mammalian peroxisome)	0	1.50802	0	0	2.58372	0	0	8.28445	0	6.46962	18.2656	20.1203	22.8844	35.8106	19.9807	0	1.66904	6.00837	2.62006	0	0	0	7.86843	0	0	0	0	0	3.56792
PWY66-399: gluconeogenesis III	0	33.9505	54.0454	66.7366	44.1985	33.0575	41.3668	43.4145	61.627	22.7024	63.2041	70.3747	86.2881	56.4182	69.8635	81.6648	89.1122	35.6226	58.9563	42.9929	99.5266	63.3629	45.6823	64.3362	78.7269	95.9421	72.1038	70.1397	69.5419
PWY66-409: superpathway of purine nucleotide salvage	0	9.01312	35.4928	21.2469	27.1052	14.4895	15.414	0	23.5582	20.756	27.9077	39.5989	29.8415	69.3038	43.9836	32.5188	34.1411	56.0292	23.0753	0	17.6809	49.9253	10.6126	25.6992	39.5301	12.3857	15.235	33.1991	30.2046
PWY66-429: fatty acid biosynthesis initiation (mitochondria)	0	246.392	253.875	269.96	246.756	277.208	279.193	291.622	389.778	294.146	243.422	403.571	374.231	448.918	460.195	192.717	217.45	183.7	230.983	201.332	173.014	266.378	246.014	259.907	207.509	230.654	256.63	243.165	206.842
PWY66-430: myristate biosynthesis (mitochondria)	0	0	0	0	0	0	0	0	0	0	0	0	0	4.65334	5.59318	0	0	0	0	0	0	0	0	9.33407	0	0	0	0	2.71937
PYRIDNUCSAL-PWY: NAD salvage pathway I (PNC VI cycle)	0	0	0	1.11217	0	0	0	0	0	0	0	0	0	20.2155	1.54325	4.4175	0	0	0	0	0	0	0	0	0	0	0	0	0
PYRIDNUCSYN-PWY: NAD de novo biosynthesis I (from aspartate)	0	141.386	52.2735	160.097	81.7544	127.571	116.548	180.674	212.855	201.794	186.516	229.977	217.871	262.875	253.336	97.934	80.4994	84.7457	93.3356	120.407	96.7241	87.4539	115.252	144.576	45.0575	84.5626	136.492	77.4658	122.449
PYRIDOXSYN-PWY: pyridoxal 5'-phosphate biosynthesis I	0	0	0	0	0	0	0	0	0	11.4348	4.02121	3.95044	10.4783	34.5936	10.8213	0	0	0	0	0	0	0	0	0	0	0	0	0	9.96695
REDCITCYC: TCA cycle VI (Helicobacter)	0	6.28066	3.90625	23.32	0	15.0276	7.27232	18.3112	0	0	1.15752	2.92566	8.2656	10.9594	2.3083	0	0	0	0	8.52332	0	0	4.03474	8.27247	0	1.77672	3.51802	0	0
RHAMCAT-PWY: L-rhamnose degradation I	0	128.556	117.444	127.069	108.808	95.0728	101.606	30.1462	28.7709	59.6563	61.2584	43.0818	70.539	69.5259	45.8004	127.684	93.6038	81.5214	73.7741	39.5568	88.4734	77.0644	73.8897	139.292	107.297	60.1871	126.106	90.502	140.898
RIBOSYN2-PWY: flavin biosynthesis I (bacteria and plants)	0	50.9366	46.5221	76.7364	52.3441	58.3476	59.5693	121.369	138.741	125.939	106.486	135.666	100.975	162.062	119.577	60.9788	69.7251	39.0314	45.3456	66.5493	72.2126	74.5526	53.7714	57.2661	56.1719	31.3946	57.742	53.2257	57.9266
RUMP-PWY: formaldehyde oxidation I	0	0	0	0	0	0	0	0	0	0	0	0	0	0	0	0	0	0	1.34251	0	0	1.60344	0	0	0	0	0	0	0
SALVADEHYPOX-PWY: adenosine nucleotides degradation II	0	62.5445	51.5576	47.4074	61.7197	45.8926	50.6961	17.7768	19.236	28.222	89.0213	22.4056	99.7115	76.7591	48.7984	32.1584	27.132	21.3518	52.4823	17.6855	20.9108	44.9743	36.0555	43.6677	27.6324	20.3312	52.3553	44.8753	27.8992
SER-GLYSYN-PWY: superpathway of L-serine and glycine biosynthesis I	0	148.708	168.06	157.93	179.649	174.129	158.729	166.897	254.936	255.604	230.131	242.187	229.301	300.421	239.929	100.675	172.959	204.818	186.247	166.551	113.706	152.395	198.286	150.894	95.4813	62.5214	153.693	110.46	123.753
SO4ASSIM-PWY: assimilatory sulfate reduction I	0	4.22305	0	2.53876	8.01881	2.39984	0	67.3206	136.739	21.1864	43.8804	51.5806	25.0786	63.6245	16.3445	42.6023	24.1737	0	21.8524	13.8451	11.5065	21.924	34.0249	13.3838	14.5284	30.6601	7.84232	4.8596	10.6002
SULFATE-CYS-PWY: superpathway of sulfate assimilation and cysteine biosynthesis	0	8.88713	0	5.52428	16.5199	5.23369	0	84.1159	135.451	36.3677	52.6128	75.1489	42.1006	98.459	31.8783	29.7806	32.2351	0	38.5726	23.9162	13.7981	34.587	41.5163	24.7572	25.3373	40.1966	15.7421	9.90617	20.4707
TCA-GLYOX-BYPASS: superpathway of glyoxylate bypass and TCA	0	0	0	0	0	0	0	0	0	5.95292	5.70822	2.14006	0	26.017	8.99225	0	0	0	0	0	0	0	0	0	0	0	0	0	0
TCA: TCA cycle I (prokaryotic)	0	10.7305	7.21799	32.171	0	25.503	13.7432	20.3781	0	8.14351	15.9332	7.28584	16.8217	40.6527	26.0071	0	0	0	0	11.4949	0	0	0	13.3464	0	0	6.08128	0	0
THISYN-PWY: superpathway of thiamine diphosphate biosynthesis I	0	66.7376	47.8085	56.517	50.6361	75.5366	64.8725	117.65	42.0869	103.309	100.955	98.1798	110.293	189.727	136.079	41.5716	48.2141	26.9107	39.1173	0	47.4915	33.6326	33.9376	49.2625	34.2538	39.8237	55.1347	51.6511	58.1407
THISYNARA-PWY: superpathway of thiamine diphosphate biosynthesis III (eukaryotes)	0	33.0539	36.6459	21.647	21.8941	28.4731	26.118	49.2134	13.944	32.1582	39.9494	42.1074	47.2742	72.6148	53.4352	37.9727	27.9592	10.475	30.7795	13.3632	23.1068	31.1118	12.3433	17.3277	28.2132	26.1877	28.283	32.9686	48.0281
THREOCAT-PWY: superpathway of L-threonine metabolism	0	0	0	0	0	0	0	0	0	0	0	0	0	13.1105	0	0	0	0	0	0	0	0	0	0	0	0	0	0	0
THRESYN-PWY: superpathway of L-threonine biosynthesis	0	131.165	89.735	169.988	90.3507	141.548	105.015	180.83	244.683	227.172	190.25	251.034	223.655	278.007	281.795	151.217	152.218	121.209	107.023	179.64	129.962	127.033	192.273	111.878	67.9791	172.204	92.5314	107.386	70.5037
TRNA-CHARGING-PWY: tRNA charging	0	470.105	458.392	512.127	517.274	441.786	430.063	487.988	525.648	537.786	585.307	604.234	648.446	576.416	641.637	573.149	582.936	540.416	601.973	469.408	462.012	530.987	598.268	466.712	325.668	456.458	482.812	458.723	453.367
TRPSYN-PWY: L-tryptophan biosynthesis	0	101.804	87.4846	79.333	83.5864	91.9777	87.2836	38.1419	54.8079	43.9246	35.0685	52.383	52.1534	96.0543	50.049	25.8906	24.9254	0	44.387	16.6659	11.4216	42.4707	13.4109	128.36	29.3968	72.0665	123.332	54.2698	128.985
UDPNAGSYN-PWY: UDP-N-acetyl-D-glucosamine biosynthesis I	0	42.133	63.654	79.4467	60.1889	69.7749	57.3362	134.125	169.759	175.104	162.98	153.409	160.662	184.624	150.564	204.79	144.678	156.334	169.834	79.5547	148.786	137.132	152.745	56.0727	55.8266	166.9	72.7245	58.3814	84.4708
VALSYN-PWY: L-valine biosynthesis	0	574.754	588.474	629.31	631.028	557.962	550.848	495.107	522.745	598.254	611.611	566.77	569.581	579.81	598.761	552.425	591.991	542.017	621.675	378.827	420.654	535.867	560.594	577.759	419.295	412.256	624.748	504.483	586.401
